Sample_ID,δ13CVPDB_permil,Total_C_µg,C_Comment,δ15NAir_permil,Total_N_µg,N_Comment,Tray_Name,Well_Id,Type_of_Material,Analysis,Sample_Weight_mg_from_Sample_List,Internal_ID,Analysis_Number,Mass_Spec,Error
A1 BRODIA 2,-29.96,1478.17,,2.77,79.07,,USDADrought5,A10,leaf,"13C, %N",3.696,2225919,612675,D,
A1 BROHOR 2,-27.78,1523.92,,2.61,112.46,,USDADrought4,G8,leaf,"13C, %N",3.85,2225893,613565,D,
A1 CLAPUR 2,-30.25,1551.25,,2.39,85.01,,USDADrought1,E3,leaf,"13C, %N",3.967,2225576,612240,D,
A1 DAUPUS 2,-31.3,1473.23,,1.65,63.48,,USDADrought4,B10,leaf,"13C, %N",3.648,2225835,612572,D,
A1 HYPGLA 2,-30.3,1319.16,,4.18,73.1,,USDADrought3,E4,leaf,"13C, %N",3.425,2225769,612488,D,
A1 MADGRA 2,-31.33,1296.89,,3.69,84.43,,USDADrought3,G11,leaf,"13C, %N",3.214,2225800,612525,D,
A2 AVEBAR 2,-30.22,1452.57,,3.58,93.73,,USDADrought6,B4,leaf,"13C, %N",3.357,2226021,612813,D,
A2 BROARE 2,-30.32,1438.78,,3.15,92.46,,USDADrought2,C10,leaf,"13C, %N",3.767,2225655,612343,D,
A2 BRODIA 2,-30.04,1440.39,,2.61,53.59,,USDADrought6,H11,leaf,"13C, %N",3.608,2226100,613455,D,
A2 BROMAD 2,-31.24,1339.24,,2.59,66.73,,USDADrought5,G7,leaf,"13C, %N",3.287,2225988,612768,D,
A2 EROCIC 1,-29.29,1190.26,,3.45,122.01,,USDADrought2,D1,leaf,"13C, %N",3.961,2225658,612350,D,
A3 AVEBAR 2,-30.22,1321.09,,3.34,108.73,,USDADrought6,B3,leaf,"13C, %N",3.1,2226020,612812,D,
A3 BRODIA 2,-29.77,1342.03,,2.64,58.51,,USDADrought5,A11,leaf,"13C, %N",3.34,2225920,612676,D,
A3 BROHOR 2,-32.02,1260.74,,2.35,64.99,,USDADrought4,G11,leaf,"13C, %N",3.257,2225896,613568,D,
A3 CLAPUR 1,-31.78,1449.88,,3.51,67.34,,USDADrought4,D9,leaf,"13C, %N",3.533,2225858,612605,D,
A3 DAUPUS 2,-31.16,1378.69,,0.84,64.3,,USDADrought4,B9,leaf,"13C, %N",3.754,2225834,612571,D,
A3 EROBOT 1,-31.58,1336.3,,2.11,126.49,,USDADrought2,F9,leaf,"13C, %N",3.461,2225690,613703,D,
A3 GERDIS 2,-32.74,1209.82,,1.53,70.47,,USDADrought2,E9,leaf,"13C, %N",3.201,2225678,612372,D,
A3 LUPBIC 1,-30.77,1546.82,,0.68,152.46,,USDADrought1,F4,leaf,"13C, %N",3.709,2225589,612257,D,
A3 MADGRA 2,-31.45,1259.25,,2.31,70.85,,USDADrought3,G3,leaf,"13C, %N",3.19,2225792,612517,D,
A3 TORARV 2,-30.39,1238.71,,0.64,52.53,,USDADrought2,B7,leaf,"13C, %N",3.524,2225640,612322,D,
A3 VICSAT 2,-28.6,1380.59,,0.48,166.25,,USDADrought6,C3,leaf,"13C, %N",3.183,2226032,612830,D,
A4 AVEBAR 2,-31.69,1428.77,,3.65,116.02,,USDADrought6,A1,leaf,"13C, %N",3.382,2226006,612796,D,
A4 BROARE 2,-30.64,1315.57,,3.33,90.08,,USDADrought2,C11,leaf,"13C, %N",3.335,2225656,612344,D,
A4 BRODIA 2,-29.64,1374.45,,2.95,58.76,,USDADrought2,H1,leaf,"13C, %N",3.587,2225706,611581,D,
A4 BROMAD 2,-32.6,1365.74,,2.51,55.62,,USDADrought6,C8,leaf,"13C, %N",3.48,2226037,612835,D,
A4 CAUCOU 2,-32.65,1186.51,,5.01,82.64,,USDADrought3,C10,leaf,"13C, %N",3.311,2225751,612462,D,
A4 EROCIC 2,-29.99,1318.24,,3.55,128.68,,USDADrought1,H9,leaf,"13C, %N",3.518,2225618,612294,D,
A4 LUPMIC 1,-32.65,1249.82,,0.19,106.83,,USDADrought1,D1,leaf,"13C, %N",3.323,2225562,612220,D,
A4 PHATAN 2,-30.89,1033.69,,5.14,44.91,,USDADrought5,E7,leaf,"13C, %N",3.187,2225964,612738,D,
A5 AVEBAR 1,-29.67,1412.27,,2.08,73.72,,USDADrought7,B11,leaf,"13C, %N",3.494,2226124,613316,D,
A5 BRODIA 2,-29.53,1337.28,,2.46,58.9,,USDADrought4,A1,leaf,"13C, %N",3.334,2225814,612549,D,
A5 BROHOR 2,-30.76,1558.17,,1.72,55.43,,USDADrought3,A7,leaf,"13C, %N",3.809,2225724,612425,D,
A5 BROMAD 2,-30.92,1205.03,,1.32,58.82,,USDADrought7,A2,leaf,"13C, %N",3.335,2226103,613289,D,
A5 CLAPUR 2,-30.44,1559.65,,2.2,84.82,,USDADrought4,D10,leaf,"13C, %N",3.8,2225859,612606,D,
A5 ELYCAP 2,-29.49,1045.5,,2.53,28.71,,USDADrought1,C4,leaf,"13C, %N",3.177,2225553,612209,D,
A5 EROBOT 1,-30.01,1362.66,,4.6,100,,USDADrought2,F10,leaf,"13C, %N",3.448,2225691,613704,D,
A5 HOLVIR 1,-31.34,1329.75,,2.66,61.32,,USDADrought2,G7,leaf,"13C, %N",3.226,2225700,611569,D,
A5 LUPBIC 2,-31.56,1365.94,,-0.69,167.02,,USDADrought3,H3,leaf,"13C, %N",3.24,2225804,612535,D,
A5 MICCAL 2,-32.15,1584.51,,1.9,85.68,,USDADrought1,C8,leaf,"13C, %N",3.966,2225557,612213,D,
A5 PLAERE 2,-31.37,1506.73,,0.57,61.83,,USDADrought5,F12,leaf,"13C, %N",3.601,2225981,612759,D,
A6 BRODIA 2,-29.67,1191.16,,1.12,52.36,,USDADrought6,H7,leaf,"13C, %N",3.126,2226096,613451,D,
A6 BROHOR 2,-31.8,1392.65,,1.21,66.87,,USDADrought5,D8,leaf,"13C, %N",3.41,2225953,612721,D,
A6 BROMAD 2,-31.36,1227.43,,0.98,42.06,,USDADrought6,C10,leaf,"13C, %N",3.095,2226039,612837,D,
A6 CENMEL 2,-31.03,1418.59,,4.03,90.08,,USDADrought1,G7,leaf,"13C, %N",3.641,2225604,612274,D,
A6 EROCIC 2,-31.4,1281.59,,2.71,109.34,,USDADrought1,A3,leaf,"13C, %N",3.991,2225528,612174,D,
A6 MICCAL 2,-31.42,1430.8,,2.01,84.95,,USDADrought1,C9,leaf,"13C, %N",3.574,2225558,612214,D,
A7 AVEFAT 1,-29.27,1476.96,,3.18,97.56,,USDADrought7,B12,leaf,"13C, %N",3.565,2226125,613317,D,
A7 BRODIA 2,-29.79,1478.67,,2.9,52.71,,USDADrought6,H9,leaf,"13C, %N",3.846,2226098,613453,D,
A7 BROHOR 2,-30.44,1323.88,,1.57,58.88,,USDADrought5,D4,leaf,"13C, %N",3.368,2225949,612717,D,
A7 BROMAD 2,-31.22,1174.47,,2.04,41.86,,USDADrought7,A7,leaf,"13C, %N",3.106,2226108,613294,D,
A7 CENMEL 2,-30.87,1381.96,,2.44,95.76,,USDADrought1,G4,leaf,"13C, %N",3.524,2225601,612271,D,
A8 AVEBAR 2,-29.62,1368.55,,3.48,86.64,,USDADrought7,C1,leaf,"13C, %N",3.33,2226126,613322,D,
A8 BRODIA 2,-30.54,1298.38,,2.43,52.86,,USDADrought6,H8,leaf,"13C, %N",3.268,2226097,613452,D,
A8 BROHOR 2,-29.73,1371.77,,1.52,76.73,,USDADrought5,D5,leaf,"13C, %N",3.337,2225950,612718,D,
A8 BROMAD 2,-30.32,1423.2,,1.8,75.28,,USDADrought7,A5,leaf,"13C, %N",3.719,2226106,613292,D,
A8 CLAPUR 2,-29.65,1409.85,,1.45,78.99,,USDADrought4,D11,leaf,"13C, %N",3.365,2225860,612607,D,
A8 ELYCAP 2,-28.74,812.61,,2.84,38.62,,USDADrought1,C3,leaf,"13C, %N",2.347,2225552,612208,D,
A8 EROBOT 1,-30.91,1289.59,,2.55,50.39,,USDADrought1,C11,leaf,"13C, %N",3.238,2225560,612216,D,
A8 HOLVIR 1,-29.68,1179.69,,3.14,43.21,,USDADrought3,C9,leaf,"13C, %N",2.799,2225750,612461,D,
A8 LUPBIC 2,-30.15,1688.57,,0.44,144.34,,USDADrought3,H12,leaf,"13C, %N",3.905,2225813,612544,D,
A8 MICCAL 2,-30.99,1380.41,,2.55,107.38,,USDADrought1,C10,leaf,"13C, %N",3.397,2225559,612215,D,
A8 PLAERE 2,-30.65,1467.8,,2.42,58.54,,USDADrought5,G1,leaf,"13C, %N",3.426,2225982,612762,D,
A8 TRIHIR 1,-31.23,1401.28,,-0.63,100.29,,USDADrought1,H12,leaf,"13C, %N",3.634,2225621,612297,D,
B1 AVEBAR 1,-29.4,1433.02,,3.74,101.14,,USDADrought7,B3,leaf,"13C, %N",3.574,2226116,613308,D,
B1 BRODIA 2,-30.74,1317.86,,2.37,60.14,,USDADrought2,H12,leaf,"13C, %N",3.518,2225717,611592,D,
B1 BROHOR 2,-29.54,1209.2,,2.81,92.07,,USDADrought4,H2,leaf,"13C, %N",3.168,2225899,613577,D,
B1 CLAPUR 2,-32.46,1397.33,,1.62,75.22,,USDADrought4,D12,leaf,"13C, %N",3.406,2225861,612608,D,
B1 DAUPUS 2,-31.56,1238.97,,0.83,61.61,,USDADrought4,B8,leaf,"13C, %N",3.09,2225833,612570,D,
B1 EROBOT 1,-31.5,1604.63,,5.74,109.13,Integration error. Interpret data cautiously,USDADrought2,F12,leaf,"13C, %N",3.958,2225693,613706,D,old
B1 EROBOT 1,-30.75,2028.69,,5.76,147.21,,USDADroughtR,A3,leaf,"13C, %N",4.922,2266654,629531,D,new
B1 GERDIS 2,-32.09,1511.88,,3.08,77.38,,USDADrought2,F1,leaf,"13C, %N",3.694,2225682,613695,D,
B1 LUPBIC 2,-30.37,1443.98,,0.08,130.42,,USDADrought3,H11,leaf,"13C, %N",3.413,2225812,612543,D,
B1 MADGRA 2,-29.68,1618.86,,1.38,100.96,,USDADrought3,A5,leaf,"13C, %N",3.953,2225722,612423,D,
B1 TORARV 2,-30.5,1279.37,,-0.12,79.08,,USDADrought2,C8,leaf,"13C, %N",3.541,2225653,612341,D,
B1 VICSAT 2,-28.65,1646.2,,0.5,180.26,,USDADrought6,B8,leaf,"13C, %N",3.772,2226025,612817,D,
B2 AVEBAR 2,-29.39,1490.85,,3.45,94.87,,USDADrought6,B7,leaf,"13C, %N",3.394,2226024,612816,D,
B2 BRODIA 2,-30.7,1333.06,,2.84,59.32,,USDADrought2,H2,leaf,"13C, %N",3.436,2225707,611582,D,
B2 BROHOR 2,-31.24,1181.52,,2.41,64.99,,USDADrought4,H3,leaf,"13C, %N",3.109,2225900,613578,D,
B2 BROMAD 2,-31.38,1339.01,,1.54,66.38,,USDADrought6,D1,leaf,"13C, %N",3.401,2226042,612844,D,
B2 CLAPUR 2,-31.02,1325.04,,2.75,63.48,,USDADrought4,D6,leaf,"13C, %N",3.235,2225855,612602,D,
B2 ELYCAP 2,-30.23,1594.71,,3.43,92.1,,USDADrought1,D8,leaf,"13C, %N",3.993,2225569,612227,D,
B2 EROBOT 1,-31.72,1542.98,,1.28,138.74,,USDADrought2,F11,leaf,"13C, %N",3.83,2225692,613705,D,
B2 HOLVIR 2,-32.23,1523.53,,2.59,57.51,,USDADrought2,G6,leaf,"13C, %N",3.76,2225699,611568,D,
B2 LUPBIC 2,-29.36,1576.66,,-0.26,201.13,,USDADrought3,H5,leaf,"13C, %N",3.72,2225806,612537,D,
B2 MICCAL 2,-29.48,1403.72,,2.82,99.56,,USDADrought1,C6,leaf,"13C, %N",3.443,2225555,612211,D,
B2 PLAERE 2,-31.04,1405.85,,2.73,68.08,,USDADrought5,G4,leaf,"13C, %N",3.367,2225985,612765,D,
B2 TRIHIR 2,-29.76,1384.41,,-0.64,122.01,,USDADrought2,A9,leaf,"13C, %N",3.721,2225630,612310,D,
B3 BRODIA 2,-29.97,1517.15,,2.69,51.37,,USDADrought2,H9,leaf,"13C, %N",3.918,2225714,611589,D,
B3 BROHOR 2,-31.09,1349.36,,1.76,51.62,,USDADrought4,G5,leaf,"13C, %N",3.567,2225890,613562,D,
B3 BROMAD 2,-30.99,1203.99,,-0.04,48.57,,USDADrought6,D2,leaf,"13C, %N",3.021,2226043,612845,D,
B3 CENMEL 2,-31.14,1328.9,,1.47,80.61,,USDADrought1,G10,leaf,"13C, %N",3.471,2225607,612277,D,
B3 EROCIC 2,-30.41,1187.6,,3.26,159.45,,USDADrought2,D3,leaf,"13C, %N",3.639,2225660,612352,D,
B3 MICCAL 2,-28.99,1537.06,,2.75,68.82,,USDADrought1,B4,leaf,"13C, %N",3.792,2225541,612193,D,
B4 BRODIA 2,-28.88,1453.72,,2.26,54.46,,USDADrought5,A6,leaf,"13C, %N",3.68,2225915,612671,D,
B4 BROHOR 2,-29.67,1488.54,,1.33,83.46,,USDADrought5,D3,leaf,"13C, %N",3.7,2225948,612716,D,
B4 CLAPUR 2,-31.33,1310.6,,2.48,74.36,,USDADrought4,D5,leaf,"13C, %N",3.197,2225854,612601,D,
B4 DAUPUS 2,-31.35,1408.26,,1.51,67.69,,USDADrought7,B2,leaf,"13C, %N",3.719,2226115,613307,D,
B4 HYPGLA 2,-31.55,1344.14,,2.87,115.94,,USDADrought3,E3,leaf,"13C, %N",3.263,2225768,612487,D,
B4 MADGRA 2,-31.57,1413.53,,0.75,104.15,,USDADrought3,G10,leaf,"13C, %N",3.577,2225799,612524,D,
B5 AVEBAR 2,-30.32,1397.51,,3.06,58.29,,USDADrought6,A3,leaf,"13C, %N",3.608,2226008,612798,D,
B5 BRODIA 2,-29.54,1361.91,,2.47,62.57,,USDADrought4,F4,leaf,"13C, %N",3.51,2225877,613804,D,
B5 BROHOR 2,-29.81,1186.76,,1.71,50.02,,USDADrought3,C11,leaf,"13C, %N",3.042,2225752,612463,D,
B5 BROMAD 2,-30.92,1352.5,,1.36,50.31,,USDADrought6,C11,leaf,"13C, %N",3.479,2226040,612838,D,
B5 CLAPUR 2,-30.76,1594.18,,0.53,50.48,,USDADrought4,D7,leaf,"13C, %N",3.974,2225856,612603,D,
B5 ELYCAP 2,-30.14,1320.68,,1.92,51.23,,USDADrought1,D10,leaf,"13C, %N",3.63,2225571,612229,D,
B5 EROBOT 1,-30.66,1211.28,,3.6,68.43,,USDADrought2,G2,leaf,"13C, %N",3.159,2225695,611564,D,
B5 HOLVIR 2,-31.83,1494.38,,2.45,64.3,,USDADrought3,C8,leaf,"13C, %N",3.42,2225749,612460,D,
B5 LUPBIC 1,-28.9,1537.22,,-0.28,154.6,,USDADrought3,H7,leaf,"13C, %N",3.685,2225808,612539,D,
B5 PLAERE 2,-30.31,1542.89,,0.59,43.42,,USDADrought3,B7,leaf,"13C, %N",3.74,2225736,612443,D,
B5 TRIHIR 1,-30.11,1448.55,,-0.49,131.07,,USDADrought2,A8,leaf,"13C, %N",3.963,2225629,612309,D,
B6 BRODIA 2,-29.08,1154.47,,3.16,38.62,,USDADrought2,H11,leaf,"13C, %N",3.035,2225716,611591,D,
B6 BROHOR 2,-30.87,1210.3,,2.27,83.88,,USDADrought6,E3,leaf,"13C, %N",3.185,2226056,613821,D,
B6 BROMAD 2,-31.58,1411.18,,0.84,47.83,,USDADrought5,G6,leaf,"13C, %N",3.685,2225987,612767,D,
B6 CENMEL 2,-30.73,1342,,2.29,78.23,,USDADrought1,G9,leaf,"13C, %N",3.518,2225606,612276,D,
B6 EROCIC 1,-29.51,1426.8,,3.05,155.28,,USDADrought2,D2,leaf,"13C, %N",3.893,2225659,612351,D,
B6 MICCAL 2,-30.19,1518.87,,1.69,61.67,,USDADrought1,B8,leaf,"13C, %N",3.788,2225545,612197,D,
B7 BRODIA 2,-29.16,1406.66,,1.75,46.12,,USDADrought4,A5,leaf,"13C, %N",3.533,2225818,612553,D,
B7 BROHOR 2,-30.42,1432.38,,2.17,59.9,,USDADrought6,E11,leaf,"13C, %N",3.578,2226064,613829,D,
B7 CLAPUR 2,-32.13,1404.2,,1.43,63.39,,USDADrought4,D8,leaf,"13C, %N",3.368,2225857,612604,D,
B7 DAUPUS 2,-32.27,1349.49,,1.13,40.59,,USDADrought6,G12,leaf,"13C, %N",3.459,2226089,613438,D,
B7 GERDIS 2,-31.66,1355.54,,0.96,62.96,,USDADrought2,E6,leaf,"13C, %N",3.468,2225675,612369,D,
B7 MADGRA 2,-29.54,1558.66,,1.64,75.48,,USDADrought3,A4,leaf,"13C, %N",3.902,2225721,612422,D,
B7 TORARV 2,-29.42,1388.18,,1.94,60.6,,USDADrought1,H2,leaf,"13C, %N",3.995,2225611,612287,D,
B7 TRIHIR 1,-31.63,1360.43,,-0.6,107.38,,USDADrought2,A10,leaf,"13C, %N",3.504,2225631,612311,D,
B7 VICSAT 2,-28.22,1670.11,,0.54,179.7,,USDADrought6,B9,leaf,"13C, %N",3.799,2226026,612818,D,
B8 AVEBAR 2,-29.35,1624.75,,2.45,100.81,,USDADrought6,A11,leaf,"13C, %N",3.809,2226016,612806,D,
B8 BROARE 2,-29.7,1263.82,,1.63,102.37,,USDADrought1,B1,leaf,"13C, %N",3.679,2225538,612190,D,
B8 BRODIA 2,-29.97,1478.88,,1.32,55.38,,USDADrought4,A6,leaf,"13C, %N",3.653,2225819,612554,D,
B8 BROMAD 2,-31.19,1304.55,,0.74,44.69,,USDADrought5,H11,leaf,"13C, %N",3.524,2226004,612790,D,
B8 EROCIC 1,-29.52,1288.7,,4.66,103.65,,USDADrought2,D4,leaf,"13C, %N",3.755,2225661,612353,D,
C1 AVEBAR 2,-29.86,1600.76,,2.49,66.09,,USDADrought6,A10,leaf,"13C, %N",3.894,2226015,612805,D,
C1 BRODIA 2,-30.89,1290.05,,2.01,57.4,,USDADrought4,A9,leaf,"13C, %N",3.232,2225822,612557,D,
C1 BROHOR 2,-30.23,1336.73,,1.67,66.89,,USDADrought4,F11,leaf,"13C, %N",3.637,2225884,613811,D,
C1 BROMAD 2,-31,663.7,,2.7,34.03,,USDADrought1,B11,leaf,"13C, %N",1.728,2225548,612200,D,
C1 CLAPUR 2,-31.71,1384.33,,3.14,71.44,,USDADrought4,C4,leaf,"13C, %N",3.396,2225841,612584,D,
C1 ELYCAP 2,-29.59,1418.59,,2.85,51.08,,USDADrought1,D9,leaf,"13C, %N",3.832,2225570,612228,D,
C1 HOLVIR 2,-30.96,1559.65,,1.65,61.38,,USDADrought2,G11,leaf,"13C, %N",3.79,2225704,611573,D,
C1 LUPBIC 2,-31.95,1534.51,,-0.2,163.86,,USDADrought3,H9,leaf,"13C, %N",3.574,2225810,612541,D,
C1 MICCAL 2,-29.94,1384.53,,0.6,33.46,,USDADrought6,F3,leaf,"13C, %N",3.552,2226068,613837,D,
C1 PLAERE 2,-31.03,1516.44,,1.06,80.3,,USDADrought1,A8,leaf,"13C, %N",3.827,2225533,612179,D,
C1 TRIHIR 2,-29.92,1168.48,,-0.8,94.6,,USDADrought2,B2,leaf,"13C, %N",3.101,2225635,612317,D,
C2 AVEFAT 1,-31.14,1097.73,,3.82,60.24,,USDADrought7,B8,leaf,"13C, %N",3.138,2226121,613313,D,
C2 BRODIA 2,-30.59,1528.35,,1.77,42.93,,USDADrought4,A2,leaf,"13C, %N",3.97,2225815,612550,D,
C2 BROHOR 2,-31.13,1145.42,,0.74,42.72,,USDADrought4,G12,leaf,"13C, %N",3.316,2225897,613569,D,
C2 BROMAD 2,-33.19,1097.99,,0.02,54.21,,USDADrought1,D2,leaf,"13C, %N",3.279,2225563,612221,D,
C2 CENMEL 2,-30.37,1255.37,,4.72,99.86,,USDADrought1,G11,leaf,"13C, %N",3.227,2225608,612278,D,
C2 MICCAL 2,-29.98,1466.72,,1.78,67.96,,USDADrought6,F2,leaf,"13C, %N",3.607,2226067,613836,D,
C3 BRODIA 2,-30.26,1206.8,,1.09,79.35,,USDADrought5,H7,leaf,"13C, %N",3.016,2226000,612786,D,
C3 BROHOR 2,-29.97,1268.71,,1.65,68.09,,USDADrought4,F8,leaf,"13C, %N",3.409,2225881,613808,D,
C3 CLAPUR 2,-30.31,1346.66,,0.75,92.34,,USDADrought1,E5,leaf,"13C, %N",3.416,2225578,612242,D,
C3 HYPGLA 2,-31.15,1227.5,,2.72,92.39,,USDADrought3,A8,leaf,"13C, %N",3.09,2225725,612426,D,
C3 MADGRA 2,-31.89,1552.5,,1.37,106.75,,USDADrought3,G12,leaf,"13C, %N",3.943,2225801,612526,D,
C4 AVEBAR 2,-31.73,1265.04,,2.25,56.74,,USDADrought7,B7,leaf,"13C, %N",3.292,2226120,613312,D,
C4 BRODIA 2,-31.15,1480.25,,1.8,54.06,,USDADrought5,B5,leaf,"13C, %N",3.776,2225926,612688,D,
C4 CLAPUR 2,-32.08,1532.54,,0.38,63.14,,USDADrought4,D3,leaf,"13C, %N",3.856,2225852,612599,D,
C4 DAUPUS 2,-32.13,1552.74,,1.06,68.53,,USDADrought4,B12,leaf,"13C, %N",3.787,2225837,612574,D,
C4 GERDIS 2,-32.06,1440.78,,2.08,63.82,,USDADrought2,E4,leaf,"13C, %N",3.829,2225673,612367,D,
C4 MADGRA 2,-31.39,1424.09,,1.19,75.81,,USDADrought3,F8,leaf,"13C, %N",3.611,2225785,612508,D,
C4 TORARV 2,-31.44,1342.89,,0.33,33.65,,USDADrought2,C2,leaf,"13C, %N",3.855,2225647,612335,D,
C4 VICSAT 2,-28.54,1609.48,,0.32,188.91,,USDADrought3,E10,leaf,"13C, %N",3.673,2225775,612494,D,
C5 BRODIA 2,-29.78,1331.33,,2.13,41.15,,USDADrought5,H3,leaf,"13C, %N",3.467,2225996,612782,D,
C5 BROHOR 2,-29.16,1567.12,,1.37,116.02,,USDADrought5,C8,leaf,"13C, %N",3.577,2225941,612707,D,
C5 CLAPUR 2,-32.05,1414.27,,3.15,65.16,,USDADrought4,E10,leaf,"13C, %N",3.453,2225871,612620,D,
C5 DAUPUS 2,-31.68,1199.19,,0.9,49.72,,USDADrought4,C1,leaf,"13C, %N",3.195,2225838,612581,D,
C5 EROBOT 1,-31.82,1400.03,,2.31,121.24,,USDADrought2,F7,leaf,"13C, %N",3.328,2225688,613701,D,
C5 GERDIS 2,-31.14,1567,,1.86,76.39,,USDADrought1,F7,leaf,"13C, %N",3.995,2225592,612260,D,
C5 MADGRA 2,-30.64,1379.67,,2.52,71.91,,USDADrought3,A3,leaf,"13C, %N",3.455,2225720,612421,D,
C5 TORARV 2,-31.37,1249.15,,0.58,38.54,,USDADrought2,C5,leaf,"13C, %N",3.628,2225650,612338,D,
C5 TRIHIR 2,-31.36,1548.56,,-0.88,131.16,,USDADrought3,B2,leaf,"13C, %N",3.791,2225731,612438,D,
C5 VICSAT 2,-28.23,1456.51,,0.47,148.69,,USDADrought3,E11,leaf,"13C, %N",3.39,2225776,612495,D,
C6 AVEBAR 2,-29.04,1642.55,,3.28,145.6,,USDADrought5,D10,leaf,"13C, %N",3.848,2225955,612723,D,
C6 BROARE 2,-30.64,1364.87,,4.06,91.55,,USDADrought2,C7,leaf,"13C, %N",3.546,2225652,612340,D,
C6 BRODIA 2,-30.02,1448.41,,2.02,62.63,,USDADrought5,H4,leaf,"13C, %N",3.608,2225997,612783,D,
C6 BROMAD 2,-31.77,1159.74,,2.55,35.45,,USDADrought7,A11,leaf,"13C, %N",3.125,2226112,613298,D,
C6 PHATAN 1,-29.76,1513.11,,2.85,115.64,,USDADrought1,A12,leaf,"13C, %N",3.998,2225537,612183,D,
C7 AVEBAR 2,-28.17,1648.02,,2.64,109.37,,USDADrought5,D11,leaf,"13C, %N",3.862,2225956,612724,D,
C7 BROARE 2,-30.62,1348.66,,2.79,92.83,,USDADrought2,C1,leaf,"13C, %N",3.464,2225646,612334,D,
C7 BRODIA 2,-29.1,1492.69,,1.95,66.38,,USDADrought5,B2,leaf,"13C, %N",3.656,2225923,612685,D,
C7 BROMAD 2,-30.65,1325.75,,1.48,65.67,,USDADrought6,C12,leaf,"13C, %N",3.35,2226041,612839,D,
C7 EROCIC 1,-29.41,914.63,,2.51,67.78,,USDADrought1,D6,leaf,"13C, %N",2.878,2225567,612225,D,
C7 LUPMIC 2,-30.28,1229.54,,-0.44,67.09,,USDADrought5,F10,leaf,"13C, %N",3.448,2225979,612757,D,
C8 BRODIA 2,-29.81,1391.49,,1.36,94.51,,USDADrought5,B4,leaf,"13C, %N",3.349,2225925,612687,D,
C8 BROHOR 2,-29.57,1363.88,,2.36,60.23,,USDADrought6,D11,leaf,"13C, %N",3.35,2226052,612854,D,
C8 CLAPUR 2,-30.45,1396.35,,0.86,90.86,,USDADrought4,D2,leaf,"13C, %N",3.44,2225851,612598,D,
C8 DAUPUS 2,-31.81,1418.04,,1.22,79.01,,USDADrought6,G9,leaf,"13C, %N",3.519,2226086,613435,D,
C8 HYPGLA 2,-29.72,1395.62,,2.68,91.19,,USDADrought3,E1,leaf,"13C, %N",3.444,2225766,612485,D,
C8 MADGRA 2,-31.51,1410.09,,3.37,101.29,,USDADrought3,F9,leaf,"13C, %N",3.401,2225786,612509,D,
D1 BRODIA 2,-30.46,1450.26,,1.13,79.14,,USDADrought5,B3,leaf,"13C, %N",3.517,2225924,612686,D,
D1 BROHOR 2,-28.73,1420.95,,1.52,99.62,,USDADrought4,H5,leaf,"13C, %N",3.516,2225902,613580,D,
D1 CLAPUR 2,-30.51,1395.28,,1.82,92.4,,USDADrought1,E11,leaf,"13C, %N",3.741,2225584,612248,D,
D1 HYPGLA 2,-29.81,1533.28,,2.06,81.31,,USDADrought3,D3,leaf,"13C, %N",3.844,2225756,612469,D,
D1 MADGRA 2,-31.17,1417.7,,2.07,87.81,,USDADrought3,F7,leaf,"13C, %N",3.516,2225784,612507,D,
D2 AVEBAR 2,-30.14,1606.13,,2.5,145.98,,USDADrought4,H9,leaf,"13C, %N",3.928,2225906,613584,D,
D2 BRODIA 2,-30.3,1465.95,,1,56.49,,USDADrought5,B6,leaf,"13C, %N",3.779,2225927,612689,D,
D2 BROHOR 2,-29.14,1308.04,,1.31,73.4,,USDADrought6,D4,leaf,"13C, %N",3.314,2226045,612847,D,
D2 CLAPUR 2,-30.93,1387.52,,2.52,68.6,,USDADrought4,C12,leaf,"13C, %N",3.478,2225849,612592,D,
D2 DAUPUS 2,-31.74,1444.72,,1.29,45.94,,USDADrought6,G6,leaf,"13C, %N",3.741,2226083,613432,D,
D2 GERDIS 2,-31.2,1511.56,,2.12,98.39,,USDADrought1,A2,leaf,"13C, %N",3.815,2225527,612173,D,
D2 MADGRA 2,-30.92,1563.84,,2.21,79.72,,USDADrought3,G1,leaf,"13C, %N",3.957,2225790,612515,D,
D2 TORARV 2,-30.78,1196.26,,1.04,39.59,,USDADrought2,B9,leaf,"13C, %N",3.472,2225642,612324,D,
D2 TRIHIR 2,-30.93,1509.89,,-0.66,115.81,,USDADrought3,B3,leaf,"13C, %N",3.647,2225732,612439,D,
D2 VICSAT 2,-29.25,1631.37,,0.65,172.17,,USDADrought6,C1,leaf,"13C, %N",3.81,2226030,612828,D,
D3 AVEBAR 2,-28.92,1258.44,,2.31,76.35,,USDADrought4,H8,leaf,"13C, %N",3.124,2225905,613583,D,
D3 BROARE 2,-30.21,1224.93,,2.73,73.16,,USDADrought2,B12,leaf,"13C, %N",3.218,2225645,612327,D,
D3 BRODIA 2,-29.23,1469.41,,2.43,57.85,,USDADrought5,B12,leaf,"13C, %N",3.562,2225933,612695,D,
D3 EROCIC 1,-29.23,1435.01,,3.17,109.1,,USDADrought1,F11,leaf,"13C, %N",3.87,2225596,612264,D,
D4 AVEBAR 2,-29.45,1311.31,,2.53,82.75,,USDADrought6,A7,leaf,"13C, %N",3.152,2226012,612802,D,
D4 BRODIA 2,-29.27,1449.79,,2.16,76.73,,USDADrought5,B10,leaf,"13C, %N",3.447,2225931,612693,D,
D4 BROHOR 2,-29.62,1514.41,,2.08,63.21,,USDADrought6,E12,leaf,"13C, %N",3.932,2226065,613830,D,
D4 BROMAD 2,-29.79,1234.22,,1.92,64.82,,USDADrought5,G10,leaf,"13C, %N",3.014,2225991,612771,D,
D4 CLAPUR 2,-29.91,1347.57,,3.83,75.94,,USDADrought4,C7,leaf,"13C, %N",3.312,2225844,612587,D,
D4 ELYCAP 2,-30.24,1254.11,,1.4,59.85,,USDADrought5,F2,leaf,"13C, %N",3.402,2225971,612749,D,
D4 HOLVIR 2,-30.15,1616.71,,1.97,55.52,,USDADrought4,F1,leaf,"13C, %N",3.794,2225874,613801,D,
D4 PLAERE 2,-30.1,1376.98,,3.09,66.15,,USDADrought3,B10,leaf,"13C, %N",3.262,2225739,612446,D,
D5 AVEBAR 2,-29.13,1594.82,,3.47,124.36,,USDADrought6,A6,leaf,"13C, %N",3.696,2226011,612801,D,
D5 BROARE 2,-29.62,1178.48,,1.37,65.34,,USDADrought1,H8,leaf,"13C, %N",3.2,2225617,612293,D,
D5 BRODIA 2,-30.35,1327.33,,1.18,56.94,,USDADrought2,H8,leaf,"13C, %N",3.502,2225713,611588,D,
D5 BROMAD 2,-30.72,1403.96,,1.36,56.79,,USDADrought3,C2,leaf,"13C, %N",3.616,2225743,612454,D,
D5 LUPMIC 1,-30.46,1328.77,,-0.21,82.54,,USDADrought5,F7,leaf,"13C, %N",3.463,2225976,612754,D,
D5 PHATAN 1,-28.35,1542.16,,5.12,128.38,,USDADrought1,A11,leaf,"13C, %N",3.972,2225536,612182,D,
D6 AVEBAR 2,-29.77,1432.57,,3.15,101.45,,USDADrought7,C11,leaf,"13C, %N",3.459,2226136,613332,D,
D6 BRODIA 2,-28.93,1468.36,,2.68,66.63,,USDADrought4,F3,leaf,"13C, %N",3.801,2225876,613803,D,
D6 BROHOR 2,-31.09,1460.85,,2.44,92.93,,USDADrought4,H6,leaf,"13C, %N",3.6,2225903,613581,D,
D6 CLAPUR 2,-31.52,1306.44,,2.07,57.47,,USDADrought4,C8,leaf,"13C, %N",3.232,2225845,612588,D,
D6 DAUPUS 2,-32.24,1293.37,,0.91,53.62,,USDADrought6,G5,leaf,"13C, %N",3.302,2226082,613431,D,
D6 EROBOT 2,-30.28,1372.47,,4.21,90.95,Integration error. Interpret data cautiously,USDADrought2,G5,leaf,"13C, %N",3.616,2225698,611567,D,old
D6 EROBOT 2,-29.44,1770.9,,3.95,123.07,,USDADroughtR,A2,leaf,"13C, %N",4.383,2266653,629530,D,new
D6 GERDIS 2,-30.56,1475.62,,3.31,106.41,,USDADrought1,F6,leaf,"13C, %N",3.536,2225591,612259,D,
D6 MADGRA 2,-31.68,1300.07,,2.99,66.15,,USDADrought3,G6,leaf,"13C, %N",3.321,2225795,612520,D,
D6 TORARV 2,-32.1,1305.13,,0.43,53.68,,USDADrought2,B3,leaf,"13C, %N",3.813,2225636,612318,D,
D6 TRIHIR 2,-32.37,1431.21,,-0.6,91.72,,USDADrought3,B4,leaf,"13C, %N",3.47,2225733,612440,D,
D6 VICSAT 2,-28.83,1352.96,,0.29,119.07,,USDADrought3,E7,leaf,"13C, %N",3.171,2225772,612491,D,
D7 BRODIA 2,-30.07,1405.62,,1.62,42.87,,USDADrought5,A8,leaf,"13C, %N",3.647,2225917,612673,D,
D7 BROHOR 2,-29.63,1218.81,,2.14,77.46,,USDADrought4,H4,leaf,"13C, %N",3.147,2225901,613579,D,
D7 BROMAD 2,-31.69,1287.99,,1.15,61.18,,USDADrought6,C9,leaf,"13C, %N",3.277,2226038,612836,D,
D7 CENMEL 2,-30.97,1390.62,,3.15,91.36,,USDADrought1,G12,leaf,"13C, %N",3.669,2225609,612279,D,
D7 MICCAL 2,-30.75,1286.25,,0.88,63.63,,USDADrought1,B5,leaf,"13C, %N",3.402,2225542,612194,D,
D8 BRODIA 2,-31.16,1248.06,,2.41,50.17,,USDADrought2,H6,leaf,"13C, %N",3.307,2225711,611586,D,
D8 BROHOR 2,-29.6,1482.72,,1.94,97.9,,USDADrought1,C1,leaf,"13C, %N",3.759,2225550,612206,D,
D8 BROMAD 2,-31.08,1402.84,,1.66,67.58,,USDADrought5,H10,leaf,"13C, %N",3.543,2226003,612789,D,
D8 CENMEL 2,-31.19,1363.09,,1.73,74.56,,USDADrought1,G8,leaf,"13C, %N",3.909,2225605,612275,D,
D8 MICCAL 2,-30.56,1587.84,,1.36,50.47,,USDADrought1,B2,leaf,"13C, %N",3.952,2225539,612191,D,
E1 BRODIA 2,-30.06,1403.54,,2.18,52.51,,USDADrought5,A7,leaf,"13C, %N",3.507,2225916,612672,D,
E1 BROHOR 1,-28.88,1329.27,,2.29,82.99,,USDADrought6,E5,leaf,"13C, %N",3.334,2226058,613823,D,
E1 CLAPUR 2,-31.21,1334.67,,1.15,62.35,,USDADrought1,E12,leaf,"13C, %N",3.484,2225585,612249,D,
E1 DAUPUS 2,-30.73,1494.82,,0.85,74.08,,USDADrought6,H2,leaf,"13C, %N",3.803,2226091,613446,D,
E1 HYPGLA 2,-30.56,1510.87,,0.89,52.87,,USDADrought3,D4,leaf,"13C, %N",3.795,2225757,612470,D,
E1 MADGRA 2,-31.42,1471.26,,1.6,104.75,,USDADrought3,F1,leaf,"13C, %N",3.723,2225778,612501,D,
E2 AVEBAR 2,-29.66,1421.86,,2.64,94.93,,USDADrought7,B6,leaf,"13C, %N",3.446,2226119,613311,D,
E2 BROARE 2,-30.11,1381.08,,1.08,51.34,,USDADrought2,B11,leaf,"13C, %N",3.557,2225644,612326,D,
E2 BRODIA 2,-30.84,1453.72,,1.19,54.75,,USDADrought5,C4,leaf,"13C, %N",3.489,2225937,612703,D,
E2 BROMAD 2,-31.28,1415.12,,3.61,79.42,,USDADrought5,G12,leaf,"13C, %N",3.429,2225993,612773,D,
E2 EROCIC 2 a,-29.44,1465.41,,2.85,82.69,,USDADrought1,F10,leaf,"13C, %N",3.857,2225595,612263,D,
E2 EROCIC 2 b,-29.6,1182.48,,2.87,67.05,,USDADrought2,E3,leaf,"13C, %N",3.761,2225672,612366,D,
E2 LUPMIC 1,-29.29,1438.71,,-0.04,98.48,,USDADrought5,F8,leaf,"13C, %N",3.718,2225977,612755,D,
E2 PHATAN 2,-28.82,1515.24,,2.74,77.79,,USDADrought5,E10,leaf,"13C, %N",3.798,2225967,612741,D,
E3 BRODIA 2,-30.05,1459.03,,0.77,47.16,,USDADrought5,A2,leaf,"13C, %N",3.605,2225911,612667,D,
E3 BROHOR 2,-28.28,1569.4,,1.55,84.39,,USDADrought6,E9,leaf,"13C, %N",3.993,2226062,613827,D,
E3 CLAPUR 2,-29.95,1439.45,,-0.04,83.24,,USDADrought1,E1,leaf,"13C, %N",3.814,2225574,612238,D,
E3 DAUPUS 1,-31.23,1315.08,,0.61,58.31,,USDADrought6,G3,leaf,"13C, %N",3.501,2226080,613429,D,
E3 HYPGLA 2,-29.95,1346.1,,1.54,53.32,,USDADrought3,D5,leaf,"13C, %N",3.267,2225758,612471,D,
E3 MADGRA 3,-31.28,1429.24,,0.82,93.38,,USDADrought3,G7,leaf,"13C, %N",3.572,2225796,612521,D,
E4 AVEBAR 2,-29.03,1303.8,,2.57,70.04,,USDADrought1,D4,leaf,"13C, %N",3.272,2225565,612223,D,
E4 BROARE 2,-29.7,1386.4,,0.94,74.07,,USDADrought2,B10,leaf,"13C, %N",3.697,2225643,612325,D,
E4 BRODIA 2,-29.37,1442.17,,1.26,66.66,,USDADrought5,C5,leaf,"13C, %N",3.468,2225938,612704,D,
E4 BROMAD 2,-30.57,1204.22,,1.57,55.21,,USDADrought5,A1,leaf,"13C, %N",3.061,2225910,612666,D,
E4 LUPMIC 1,-29.77,1422.29,,-0.69,101.02,,USDADrought5,F6,leaf,"13C, %N",3.625,2225975,612753,D,
E4 PHATAN 2-E2,-30.2,1351.8,,2.53,53.32,,USDADrought5,E5,leaf,"13C, %N",3.787,2225962,612736,D,
E5 AVEFAT 2,-30.97,1262.81,,2.32,53.07,,USDADrought7,B9,leaf,"13C, %N",3.22,2226122,613314,D,
E5 BRODIA 1,-30.45,1470.77,,1.18,54.98,,USDADrought4,B1,leaf,"13C, %N",3.829,2225826,612563,D,
E5 BROHOR 2,-30.89,1343.66,,0.91,49.09,,USDADrought6,D9,leaf,"13C, %N",3.423,2226050,612852,D,
E5 CENMEL 2,-31.1,1193.37,,1.92,68.52,,USDADrought1,G1,leaf,"13C, %N",3.347,2225598,612268,D,
E5 EROCIC 2,-29.82,1448.77,,4.51,120.05,,USDADrought2,E1,leaf,"13C, %N",3.879,2225670,612364,D,
E5 MICCAL 2,-28.96,1319.95,,0.86,30.76,,USDADrought6,F5,leaf,"13C, %N",3.254,2226070,613839,D,
E6 AVEFAT 2,-31.29,1185.68,,2.03,49.03,,USDADrought6,A9,leaf,"13C, %N",3.134,2226014,612804,D,
E6 BRODIA 2,-30.51,1372.93,,2.59,41.19,,USDADrought5,B11,leaf,"13C, %N",3.458,2225932,612694,D,
E6 BROHOR 2,-30.44,1492,,0.61,88.85,,USDADrought5,C11,leaf,"13C, %N",3.754,2225944,612710,D,
E6 CENMEL 2,-31.29,1260.47,,2.18,76.28,,USDADrought3,A11,leaf,"13C, %N",3.319,2225728,612429,D,
E6 EROCIC 2,-29.24,1148.69,,1.56,90.08,,USDADrought1,A5,leaf,"13C, %N",3.284,2225530,612176,D,
E7 AVEBAR 2,-29.79,1378.73,,1.77,77.72,,USDADrought6,A8,leaf,"13C, %N",3.257,2226013,612803,D,
E7 BRODIA 2,-30.69,1399.6,,1.51,52.55,,USDADrought5,A4,leaf,"13C, %N",3.462,2225913,612669,D,
E7 BROHOR 2,-30.35,1313.4,,0.95,71.91,,USDADrought5,D2,leaf,"13C, %N",3.433,2225947,612715,D,
E7 BROMAD 2,-29.17,629.8,,1.11,27.92,,USDADrought1,D5,leaf,"13C, %N",1.645,2225566,612224,D,
E7 CLAPUR 2,-30.62,1544.37,,1.38,80.91,,USDADrought4,E7,leaf,"13C, %N",3.792,2225868,612617,D,
E7 ELYCAP 2,-29.92,1368.89,,1.29,58.73,,USDADrought3,D1,leaf,"13C, %N",3.725,2225754,612467,D,
E7 EROBOT 1,-30.67,1333.12,,1.94,70.84,,USDADrought1,A6,leaf,"13C, %N",3.487,2225531,612177,D,
E7 MICCAL 2,-29.85,1610.38,,1.31,81.02,,USDADrought6,F7,leaf,"13C, %N",3.973,2226072,613841,D,
E7 PLAERE 2,-29.88,1540.42,,2.36,90.93,,USDADrought3,C1,leaf,"13C, %N",3.661,2225742,612453,D,
E7 TRIHIR 1,-31.9,1404.94,,-0.94,80.12,,USDADrought3,B6,leaf,"13C, %N",3.47,2225735,612442,D,
E8 AVEBAR 2,-29.81,1278.39,,3.43,62.59,,USDADrought4,H11,leaf,"13C, %N",3.212,2225908,613586,D,
E8 BRODIA 2,-30.59,1339.94,,1.79,56.09,,USDADrought5,A3,leaf,"13C, %N",3.353,2225912,612668,D,
E8 BROHOR 2,-30.8,1249.05,,1.62,77.4,,USDADrought4,G7,leaf,"13C, %N",3.143,2225892,613564,D,
E8 CLAPUR 2,-31.11,1376.73,,3,51.13,,USDADrought4,E3,leaf,"13C, %N",3.41,2225864,612613,D,
E8 DAUPUS 2,-31.64,1396.36,,0.54,65.17,,USDADrought5,E3,leaf,"13C, %N",3.552,2225960,612734,D,
E8 EROBOT 1,-30.2,1187.12,,5.07,65.79,,USDADrought2,F3,leaf,"13C, %N",3.526,2225684,613697,D,
E8 GERDIS 2,-30.6,1328.45,,1.8,60.19,,USDADrought2,E10,leaf,"13C, %N",3.797,2225679,612373,D,
E8 MADGRA 2,-29.55,1375.51,,2.58,82.04,,USDADrought3,F5,leaf,"13C, %N",3.509,2225782,612505,D,
E8 TORARV 2,-31.48,1234.71,,0.26,47.08,,USDADrought1,H7,leaf,"13C, %N",3.699,2225616,612292,D,
E8 TRIHIR 1,-32.16,1192.49,,-0.27,89.71,,USDADrought1,H11,leaf,"13C, %N",3.095,2225620,612296,D,
E8 VICSAT 2,-29.04,1347.08,,0.31,112.94,,USDADrought3,E6,leaf,"13C, %N",3.16,2225771,612490,D,
F1 BRODIA 2,-29.9,1350.01,,1.71,58.98,,USDADrought2,H7,leaf,"13C, %N",3.497,2225712,611587,D,
F1 BROHOR 2,-29.64,1474.47,,1.92,89.92,,USDADrought4,G10,leaf,"13C, %N",3.735,2225895,613567,D,
F1 CLAPUR 2,-30.13,1356.43,,2.18,66.14,,USDADrought1,E6,leaf,"13C, %N",3.333,2225579,612243,D,
F1 DAUPUS 1,-31.21,1439.31,,1.02,59.17,,USDADrought4,B11,leaf,"13C, %N",3.565,2225836,612573,D,
F1 HYPGLA 2,-30.2,1369.62,,1.15,67.74,,USDADrought3,A9,leaf,"13C, %N",3.506,2225726,612427,D,
F1 MADGRA 2,-30.81,1464.38,,2.51,97.37,,USDADrought3,A2,leaf,"13C, %N",3.586,2225719,612420,D,
F2 AVEBAR 2,-29.53,1342.09,,2.76,69.61,,USDADrought4,F5,leaf,"13C, %N",3.323,2225878,613805,D,
F2 BROARE 2,-30.21,1559.68,,1.96,87.76,,USDADrought2,B8,leaf,"13C, %N",3.975,2225641,612323,D,
F2 BRODIA 2,-29.71,1352.5,,1.76,58.48,,USDADrought5,A12,leaf,"13C, %N",3.3,2225921,612677,D,
F2 BROMAD 2,-30.39,1575.12,,1.03,64.12,,USDADrought7,A1,leaf,"13C, %N",3.987,2226102,613288,D,
F2 EROCIC 1,-30.12,1416.59,,3.83,115.83,,USDADrought1,A4,leaf,"13C, %N",3.824,2225529,612175,D,
F2 LUPMIC 1,-31.56,1447.88,,-0.27,90.2,,USDADrought1,C12,leaf,"13C, %N",3.947,2225561,612217,D,
F2 LUPSUC 2,-30.63,1079.98,,-0.29,76.76,,USDADrought1,B12,leaf,"13C, %N",3.117,2225549,612201,D,
F3 AVEBAR 1,-28.44,1421.42,,1.92,80.74,,USDADrought7,D1,leaf,"13C, %N",3.606,2226138,613337,D,
F3 BRODIA 2,-31.14,1493.15,,0.35,51.71,,USDADrought5,H5,leaf,"13C, %N",3.807,2225998,612784,D,
F3 BROHOR 2,-29.75,1293.08,,1.86,68.19,,USDADrought4,G9,leaf,"13C, %N",3.32,2225894,613566,D,
F3 CLAPUR 2,-31.41,1358.84,,2.52,48.23,,USDADrought4,E8,leaf,"13C, %N",3.343,2225869,612618,D,
F3 DAUPUS 2,-31.05,1179.6,,0.93,36.18,,USDADrought7,A3,leaf,"13C, %N",3.243,2226104,613290,D,
F3 EROBOT 1,-30.27,1462.46,,6.33,100.26,,USDADrought2,F8,leaf,"13C, %N",3.721,2225689,613702,D,
F3 GERDIS 2,-32.12,1458.09,,2.21,78.23,,USDADrought2,E11,leaf,"13C, %N",3.803,2225680,612374,D,
F3 MADGRA 2,-29.51,1429,,2.65,83.56,,USDADrought3,G4,leaf,"13C, %N",3.542,2225793,612518,D,
F3 TORARV 2,-31.01,1328.23,,0.66,42.14,,USDADrought2,C3,leaf,"13C, %N",3.707,2225648,612336,D,
F3 VICSAT 2,-29.35,1438.24,,0,83.68,,USDADrought6,C2,leaf,"13C, %N",3.413,2226031,612829,D,
F4 AVEBAR 2,-29.78,1380.8,,3.14,80.13,,USDADrought4,F6,leaf,"13C, %N",3.473,2225879,613806,D,
F4 BRODIA 2,-29.73,1421.83,,2.14,64.06,,USDADrought5,E2,leaf,"13C, %N",3.381,2225959,612733,D,
F4 BROHOR 2,-30.09,1467.8,,1.12,69.28,,USDADrought5,D6,leaf,"13C, %N",3.68,2225951,612719,D,
F4 BROMAD 2,-29.83,1242.95,,1.38,58.44,,USDADrought7,A6,leaf,"13C, %N",3.274,2226107,613293,D,
F4 CLAPUR 2,-31.1,1614.66,,0.45,62.78,,USDADrought4,E1,leaf,"13C, %N",3.996,2225862,612611,D,
F4 ELYCAP 2,-30.23,1391.07,,1.42,62.66,,USDADrought1,D7,leaf,"13C, %N",3.817,2225568,612226,D,
F4 MICCAL 2,-30.44,1423.25,,1.43,99.13,,USDADrought1,C7,leaf,"13C, %N",3.51,2225556,612212,D,
F4 PLAERE 2,-29.44,1331.4,,1.42,59.73,,USDADrought3,B8,leaf,"13C, %N",3.27,2225737,612444,D,
F4 TRIHIR 2,-30.58,1172.48,,-0.98,48.68,,USDADrought2,A2,leaf,"13C, %N",3.194,2225623,612303,D,
F5 AVEBAR 2,-28.31,1318.06,,2.65,104.07,,USDADrought6,A12,leaf,"13C, %N",3.062,2226017,612807,D,
F5 BRODIA 2,-29.96,1260.26,,2.49,55.1,,USDADrought6,H4,leaf,"13C, %N",3.216,2226093,613448,D,
F5 BROHOR 2,-30.8,1411.18,,1.42,72.55,,USDADrought5,D7,leaf,"13C, %N",3.568,2225952,612720,D,
F5 BROMAD 2,-29.73,1266.15,,1.87,36.49,,USDADrought7,B1,leaf,"13C, %N",3.304,2226114,613306,D,
F5 CLAPUR 2,-31.14,1385.56,,1.21,69.33,,USDADrought4,E9,leaf,"13C, %N",3.412,2225870,612619,D,
F5 ELYCAP 2,-29.8,1213.83,,0.9,40.95,,USDADrought3,C12,leaf,"13C, %N",3.292,2225753,612464,D,
F5 EROBOT 1,-31.26,1495.14,,2.92,67.11,,USDADrought1,A7,leaf,"13C, %N",3.895,2225532,612178,D,
F5 HOLVIR 2,-31.3,1391.85,,1.91,44.97,,USDADrought2,G8,leaf,"13C, %N",3.477,2225701,611570,D,
F5 LUPBIC 2,-29.5,1335.81,,-0.52,124.55,,USDADrought3,H10,leaf,"13C, %N",3.173,2225811,612542,D,
F5 MICCAL 2,-29.83,1388.62,,1.06,96.56,,USDADrought1,C5,leaf,"13C, %N",3.428,2225554,612210,D,
F5 PLAERE 2,-31.01,1587.02,,1.69,90.66,,USDADrought3,B9,leaf,"13C, %N",3.813,2225738,612445,D,
F5 TRIHIR 2,-30.91,1182.71,,-0.61,54.4,,USDADrought2,A3,leaf,"13C, %N",3.191,2225624,612304,D,
F6 AVEFAT 1,-28.94,1554.74,,1.99,61.54,,USDADrought6,B1,leaf,"13C, %N",3.82,2226018,612810,D,
F6 BRODIA 2,-29.77,1397.51,,1.36,44.06,,USDADrought5,H6,leaf,"13C, %N",3.449,2225999,612785,D,
F6 BROHOR 2,-31.18,1443.1,,1.52,62.85,,USDADrought5,C12,leaf,"13C, %N",3.643,2225945,612711,D,
F6 BROMAD 2,-30.32,1193.21,,2.54,54.4,,USDADrought7,A9,leaf,"13C, %N",3.145,2226110,613296,D,
F6 CENMEL 2,-30.72,1404.61,,2.03,87.27,,USDADrought1,G6,leaf,"13C, %N",3.692,2225603,612273,D,
F7 AVEBAR 2,-30.15,2645.15,,2.11,201.35,,USDADrought5,G5,leaf,"13C, %N",3.577,2225986,612766,D,old
F7 AVEBAR 2,-29.64,1939.01,,2.24,124.57,,USDADroughtR,A1,leaf,"13C, %N",4.534,2266652,629529,D,new
F7 BROARE 2,-30.02,1211.16,,1.75,50.93,,USDADrought2,B6,leaf,"13C, %N",3.33,2225639,612321,D,
F7 BRODIA 2,-30.16,1610.51,,1.06,69.83,,USDADrought6,H5,leaf,"13C, %N",3.968,2226094,613449,D,
F7 BROMAD 2,-30.29,1500.83,,2,65.43,,USDADrought7,A10,leaf,"13C, %N",3.934,2226111,613297,D,
F7 LUPMIC 2,-30.22,1342.73,,-0.31,68.15,,USDADrought5,F9,leaf,"13C, %N",3.761,2225978,612756,D,
F8 AVEBAR 2,-29.74,1475.87,,2.22,88.7,,USDADrought6,B2,leaf,"13C, %N",3.494,2226019,612811,D,
F8 BRODIA 2,-30.77,1420.48,,1.64,58.41,,USDADrought2,H3,leaf,"13C, %N",3.68,2225708,611583,D,
F8 BROHOR 2,-29.97,1506.73,,0.67,97.7,,USDADrought5,D1,leaf,"13C, %N",3.702,2225946,612714,D,
F8 CLAPUR 2,-31.15,1454.55,,0.9,61.39,,USDADrought4,E11,leaf,"13C, %N",3.638,2225872,612621,D,
F8 DAUPUS 2,-30.84,1535.99,,0.68,73.63,,USDADrought4,B7,leaf,"13C, %N",3.983,2225832,612569,D,
F8 EROBOT 2,-30.46,1367.6,,3.19,71.35,,USDADrought2,F6,leaf,"13C, %N",3.676,2225687,613700,D,
F8 GERDIS 2,-30.86,1255.15,,1.92,75.66,,USDADrought1,F9,leaf,"13C, %N",3.15,2225594,612262,D,
F8 MADGRA 2,-29.61,1189.19,,1.71,67.54,,USDADrought3,F11,leaf,"13C, %N",3.039,2225788,612511,D,
F8 TORARV 2,-30.92,1210.04,,0.02,45.09,,USDADrought1,H5,leaf,"13C, %N",3.521,2225614,612290,D,
F8 TRIHIR 1,-32.79,1377.08,,-0.64,81.59,,USDADrought2,A1,leaf,"13C, %N",3.621,2225622,612302,D,
F8 VICSAT 2,-30.06,1634.57,,0.23,127.32,,USDADrought6,B11,leaf,"13C, %N",3.864,2226028,612820,D,
G1 AVEBAR 1,-29.38,1385.92,,1.76,75.17,,USDADrought6,A2,leaf,"13C, %N",3.33,2226007,612797,D,
G1 BRODIA 2,-30.65,1367.76,,0.8,59.77,,USDADrought1,F3,leaf,"13C, %N",3.575,2225588,612256,D,
G1 BROHOR 2,-30.33,1330.74,,0.76,83.17,,USDADrought4,G4,leaf,"13C, %N",3.383,2225889,613561,D,
G1 CLAPUR 2,-31.5,1503.73,,1.02,48.17,Integration error. Interpret data cautiously,USDADrought4,D4,leaf,"13C, %N",3.739,2225853,612600,D,old
G1 CLAPUR 2,-31.32,665.55,,1.74,28.57,,USDADroughtR,A4,leaf,"13C, %N",1.596,2266655,629532,D,new
G1 DAUPUS 2,-32.61,1288.84,,0.7,54.21,,USDADrought6,H1,leaf,"13C, %N",3.217,2226090,613445,D,
G1 EROBOT 1,-31.22,1348.3,,2.69,62.42,,USDADrought2,F5,leaf,"13C, %N",3.547,2225686,613699,D,
G1 GERDIS 2,-31.56,1377.52,,1.12,78.71,,USDADrought2,E5,leaf,"13C, %N",3.641,2225674,612368,D,
G1 MADGRA 2,-31.26,1378.2,,1.63,64.96,,USDADrought3,F4,leaf,"13C, %N",3.458,2225781,612504,D,
G1 TORARV 2,-31.04,1279.81,,0.38,43.28,,USDADrought2,C12,leaf,"13C, %N",3.591,2225657,612345,D,
G1 TRIHIR 1,-32.75,1337.34,,-0.6,97.84,,USDADrought2,A7,leaf,"13C, %N",3.608,2225628,612308,D,
G1 VICSAT 2,-29.53,1505.58,,0.79,137.91,,USDADrought6,B10,leaf,"13C, %N",3.443,2226027,612819,D,
G2 AVEBAR 1,-28.42,1515.56,,1.89,116.76,,USDADrought7,B4,leaf,"13C, %N",3.704,2226117,613309,D,
G2 BRODIA 2,-30.61,1186.62,,1.26,52.97,,USDADrought2,H4,leaf,"13C, %N",3.107,2225709,611584,D,
G2 BROHOR 2,-29.63,1480.24,,1.35,96.19,,USDADrought4,G6,leaf,"13C, %N",3.853,2225891,613563,D,
G2 BROMAD 2,-30.37,1286.59,,1.28,69.21,,USDADrought5,G9,leaf,"13C, %N",3.121,2225990,612770,D,
G2 CLAPUR 2,-31.17,1315.73,,2.92,66.81,,USDADrought4,D1,leaf,"13C, %N",3.262,2225850,612597,D,
G2 ELYCAP 2,-29.13,1253.41,,1.06,60.43,,USDADrought5,F3,leaf,"13C, %N",3.288,2225972,612750,D,
G2 HOLVIR 2,-31.3,1573.08,,1.8,31.93,,USDADrought2,G12,leaf,"13C, %N",3.935,2225705,611574,D,
G2 LUPBIC 2,-32.04,1676.94,,-0.21,179.13,,USDADrought3,H6,leaf,"13C, %N",3.818,2225807,612538,D,
G2 MICCAL 2,-30.75,1481.16,,1.73,92.22,,USDADrought1,B9,leaf,"13C, %N",3.656,2225546,612198,D,
G2 PLAERE 2,-31.68,1489,,1.27,80.42,,USDADrought5,G2,leaf,"13C, %N",3.457,2225983,612763,D,
G2 TRIHIR 2,-31.4,1362.65,,-0.94,73.46,,USDADrought2,A4,leaf,"13C, %N",3.636,2225625,612305,D,
G3 AVEFAT 2,-31.18,1415.35,,1.85,60.14,,USDADrought6,A4,leaf,"13C, %N",3.718,2226009,612799,D,
G3 BRODIA 2,-29.54,1449.33,,1.59,47.67,,USDADrought5,A5,leaf,"13C, %N",3.645,2225914,612670,D,
G3 BROHOR 2,-30.62,1240.11,,1.49,54.57,,USDADrought4,G3,leaf,"13C, %N",3.15,2225888,613560,D,
G3 BROMAD 2,-30.73,1222.88,,2.33,48.25,,USDADrought7,A8,leaf,"13C, %N",3.191,2226109,613295,D,
G3 CENMEL 2,-30.93,1207.6,,1.3,77.49,,USDADrought1,G5,leaf,"13C, %N",3.165,2225602,612272,D,
G3 EROCIC 1,-30.29,1268.48,,3.12,89.28,,USDADrought2,D11,leaf,"13C, %N",3.431,2225668,612360,D,
G3 MICCAL 2,-29.34,1476.07,,0.75,51.26,,USDADrought6,F9,leaf,"13C, %N",3.582,2226074,613843,D,
G4 AVEBAR 2,-30.33,1649.16,,2.17,135.02,,USDADrought6,B5,leaf,"13C, %N",3.771,2226022,612814,D,
G4 BROARE 2,-29.74,1232.49,,1.68,63.57,,USDADrought2,B4,leaf,"13C, %N",3.27,2225637,612319,D,
G4 BRODIA 2,-30.1,1446.46,,1.17,78.4,,USDADrought2,H10,leaf,"13C, %N",3.73,2225715,611590,D,
G4 BROMAD 2,-31.77,1422.29,,0.62,70.77,,USDADrought6,C7,leaf,"13C, %N",3.594,2226036,612834,D,
G4 EROCIC 2,-29.66,1403.27,,2.31,107.14,,USDADrought1,F5,leaf,"13C, %N",3.9,2225590,612258,D,
G4 PHATAN 2,-30.39,1301.98,,4.62,112.98,,USDADrought5,E8,leaf,"13C, %N",3.731,2225965,612739,D,
G5 AVEBAR 2,-30.19,1560.01,,2.63,62.77,,USDADrought6,B6,leaf,"13C, %N",3.803,2226023,612815,D,
G5 BRODIA 2,-30.24,1364.09,,1.46,63.99,,USDADrought6,H3,leaf,"13C, %N",3.37,2226092,613447,D,
G5 BROHOR 2,-30.35,1312.82,,0.55,74.57,,USDADrought4,G2,leaf,"13C, %N",3.662,2225887,613559,D,
G5 BROMAD 2,-30.93,1198.12,,0.99,70.28,,USDADrought5,G8,leaf,"13C, %N",3.073,2225989,612769,D,
G5 CLAPUR 2,-29.66,1502.75,,2.16,68.93,,USDADrought4,E12,leaf,"13C, %N",3.643,2225873,612622,D,
G5 ELYCAP 2,-30.05,1144.25,,1.09,47.81,,USDADrought1,C2,leaf,"13C, %N",3.214,2225551,612207,D,
G5 EROBOT 2,-29.62,1211.5,,4.9,70.34,,USDADrought2,G1,leaf,"13C, %N",3.612,2225694,611563,D,
G5 HOLVIR 2,-31.07,939.49,,2.94,37.78,,USDADrought3,C7,leaf,"13C, %N",2.248,2225748,612459,D,
G5 MICCAL 2,-29.68,1672.5,,1.11,41.34,,USDADrought6,F8,leaf,"13C, %N",3.993,2226073,613842,D,
G5 PLAERE 2,-30.89,1404,,1.61,62.42,,USDADrought5,G3,leaf,"13C, %N",3.386,2225984,612764,D,
G5 TRIHIR 1,-31.45,1228.04,,-0.88,97.84,,USDADrought2,A5,leaf,"13C, %N",3.283,2225626,612306,D,
G6 BRODIA 2,-29.47,1286.7,,1.25,77.59,,USDADrought6,H12,leaf,"13C, %N",3.151,2226101,613456,D,
G6 BROHOR 2,-30.27,1153.59,,1.12,67.2,,USDADrought4,F12,leaf,"13C, %N",3.046,2225885,613812,D,
G6 CLAPUR 2,-30.29,1409.71,,0.8,92.34,,USDADrought1,E4,leaf,"13C, %N",3.558,2225577,612241,D,
G6 HYPGLA 2,-30.57,1568.28,,2.41,123.01,,USDADrought3,D10,leaf,"13C, %N",3.719,2225763,612476,D,
G6 MADGRA 2,-31.01,1368.15,,1.46,86.88,,USDADrought3,G2,leaf,"13C, %N",3.429,2225791,612516,D,
G7 BRODIA 2,-29.74,1448.89,,1.25,83.83,,USDADrought4,A4,leaf,"13C, %N",3.538,2225817,612552,D,
G7 BROHOR 2,-29.52,1408.51,,1.49,76.05,,USDADrought4,G1,leaf,"13C, %N",3.573,2225886,613558,D,
G7 DAUPUS 2,-31.7,1439.07,,0.78,61.09,,USDADrought4,C3,leaf,"13C, %N",3.532,2225840,612583,D,
G7 HYPGLA 2,-32.03,1453.32,,0.57,79.19,,USDADrought3,D12,leaf,"13C, %N",3.947,2225765,612478,D,
G7 MADGRA 2,-31.05,1613.18,,1.28,102.49,,USDADrought3,F12,leaf,"13C, %N",3.988,2225789,612512,D,
G8 AVEBAR 1,-30.39,1447.07,,1.74,97.31,,USDADrought7,C7,leaf,"13C, %N",3.674,2226132,613328,D,
G8 BRODIA 2,-31.69,1355.9,,0.71,54.8,,USDADrought4,A3,leaf,"13C, %N",3.443,2225816,612551,D,
G8 BROHOR 2,-30.79,1319.25,,1.61,86.99,,USDADrought4,F10,leaf,"13C, %N",3.278,2225883,613810,D,
G8 CLAPUR 2,-31.77,1455.04,,2.53,60.78,,USDADrought4,E2,leaf,"13C, %N",3.592,2225863,612612,D,
G8 DAUPUS 1,-31.96,1425.49,,1.21,45.6,,USDADrought6,G1,leaf,"13C, %N",3.614,2226078,613427,D,
G8 EROBOT 1,-33.14,1490.81,,4.43,103.62,,USDADrought2,F2,leaf,"13C, %N",3.973,2225683,613696,D,
G8 GERDIS 2,-32.31,1433.01,,1.01,72.67,,USDADrought1,F8,leaf,"13C, %N",3.595,2225593,612261,D,
G8 LUPBIC 1,-32.07,1609.48,,0.25,132.83,,USDADrought3,H8,leaf,"13C, %N",3.933,2225809,612540,D,
G8 MADGRA 2,-30.38,1403.71,,1.95,73.63,,USDADrought3,G5,leaf,"13C, %N",3.559,2225794,612519,D,
G8 TORARV 2,-31.54,1386.4,,0.13,67.11,,USDADrought2,C9,leaf,"13C, %N",3.819,2225654,612342,D,
G8 TRIHIR 1,-31.62,1309.8,,-0.79,90.45,,USDADrought2,A6,leaf,"13C, %N",3.435,2225627,612307,D,
G8 VICSAT 2,-28.71,1611.51,,0.69,118.07,,USDADrought6,B12,leaf,"13C, %N",3.738,2226029,612821,D,
H1 AVEFAT 1,-29.44,1176.92,,1.66,63.17,,USDADrought7,C8,leaf,"13C, %N",3.031,2226133,613329,D,
H1 BRODIA 2,-29.84,1301.3,,1.47,29.99,,USDADrought4,A10,leaf,"13C, %N",3.216,2225823,612558,D,
H1 BROHOR 2,-30.73,1449.08,,1.33,78.87,,USDADrought4,H1,leaf,"13C, %N",3.749,2225898,613576,D,
H1 BROMAD 2,-31.02,1330.4,,0.95,57.96,,USDADrought5,H12,leaf,"13C, %N",3.552,2226005,612791,D,
H1 CENMEL 2,-30.63,1251.82,,1.8,83.11,,USDADrought1,G3,leaf,"13C, %N",3.185,2225600,612270,D,
H1 EROCIC 1,-30.37,1368.42,,3.54,118.34,,USDADrought2,D5,leaf,"13C, %N",3.743,2225662,612354,D,
H2 BRODIA 2,-29.51,1445.7,,1.61,79.85,,USDADrought4,A11,leaf,"13C, %N",3.47,2225824,612559,D,
H2 BROHOR 2,-29.93,1338.59,,1.18,80.64,,USDADrought4,F9,leaf,"13C, %N",3.472,2225882,613809,D,
H2 CLAPUR 2,-30.46,1359.32,,1.46,87.02,,USDADrought1,E10,leaf,"13C, %N",3.377,2225583,612247,D,
H2 DAUPUS 2,-31.54,1205.15,,0.74,48.92,,USDADrought6,G7,leaf,"13C, %N",3.11,2226084,613433,D,
H2 HYPGLA 2,-31.23,1293.47,,0.36,44.38,,USDADrought3,D11,leaf,"13C, %N",3.462,2225764,612477,D,
H2 MADGRA 2,-30.5,1507.67,,1.23,90.86,,USDADrought3,A1,leaf,"13C, %N",3.697,2225718,612419,D,
H3 AVEBAR 2,-29.46,1462.03,,1.94,90.48,,USDADrought5,D9,leaf,"13C, %N",3.557,2225954,612722,D,
H3 BROARE 2,-29.76,1425.69,,1.64,76.52,,USDADrought1,H6,leaf,"13C, %N",3.837,2225615,612291,D,
H3 BROMAD 2,-31.26,1197,,1.16,51.41,,USDADrought7,A12,leaf,"13C, %N",3.435,2226113,613299,D,
H3 EROCIC 2,-29.83,1433.9,,3.88,133.22,,USDADrought2,D6,leaf,"13C, %N",3.844,2225663,612355,D,
H4 AVEBAR 2,-30.74,1318.35,,1.37,71.39,,USDADrought7,B5,leaf,"13C, %N",3.364,2226118,613310,D,
H4 BRODIA 2,-30.4,1270,,1.3,58.17,,USDADrought4,A12,leaf,"13C, %N",3.109,2225825,612560,D,
H4 BROHOR 2,-29.52,1432.93,,1.23,65.74,,USDADrought6,D6,leaf,"13C, %N",3.595,2226047,612849,D,
H4 BROMAD 2,-29.92,1221.34,,0.5,54.95,,USDADrought6,C4,leaf,"13C, %N",3.1,2226033,612831,D,
H4 CLAPUR 2,-29.23,1423.47,,1.63,74.13,,USDADrought1,D12,leaf,"13C, %N",3.632,2225573,612231,D,
H4 ELYCAP 2,-29.64,1296.85,,1.07,44.79,,USDADrought5,E12,leaf,"13C, %N",3.404,2225969,612743,D,
H4 HOLVIR 1,-31.73,1303.33,,1.96,55.46,,USDADrought2,G9,leaf,"13C, %N",3.191,2225702,611571,D,
H4 MICCAL 2,-29.7,1423.25,,1.69,81.46,,USDADrought1,B3,leaf,"13C, %N",3.482,2225540,612192,D,
H4 PLAERE 2,-29.62,1433.46,,0.89,62.41,,USDADrought1,A10,leaf,"13C, %N",3.708,2225535,612181,D,
H4 TRIHIR 1,-31.68,1359.98,,-1.23,73.03,,USDADrought2,A12,leaf,"13C, %N",3.656,2225633,612313,D,
H5 AVEBAR 2,-30.59,1372.34,,1.8,94.49,,USDADrought7,C5,leaf,"13C, %N",3.353,2226130,613326,D,
H5 BRODIA 2,-30.23,1215.35,,0.73,48.65,,USDADrought6,H6,leaf,"13C, %N",3.178,2226095,613450,D,
H5 BROHOR 2,-31.13,1395.03,,1.49,83.5,,USDADrought4,F7,leaf,"13C, %N",3.481,2225880,613807,D,
H5 CLAPUR 2,-31.46,1400.52,,0.49,87.15,,USDADrought4,C9,leaf,"13C, %N",3.49,2225846,612589,D,
H5 DAUPUS 2,-32.15,1274.31,,1,43.16,,USDADrought6,G8,leaf,"13C, %N",3.327,2226085,613434,D,
H5 GERDIS 2,-30.98,1454.32,,1.1,85.19,,USDADrought2,E12,leaf,"13C, %N",3.769,2225681,612375,D,
H5 MADGRA 2,-31.18,1265.35,,1.66,80.51,,USDADrought3,F3,leaf,"13C, %N",3.218,2225780,612503,D,
H5 TORARV 2,-32.13,1224.04,,0.5,41.96,,USDADrought2,B5,leaf,"13C, %N",3.568,2225638,612320,D,
H5 VICSAT 2,-29.36,1445.95,,0.2,133.57,,USDADrought3,E9,leaf,"13C, %N",3.404,2225774,612493,D,
H6 BRODIA 2,-29.43,1472.16,,1.35,97.28,,USDADrought6,H10,leaf,"13C, %N",3.51,2226099,613454,D,
H6 BROHOR 2,-29.87,1537.99,,1.21,90.05,,USDADrought5,C10,leaf,"13C, %N",3.812,2225943,612709,D,
H6 CLAPUR 2,-30.34,1302.47,,1.32,95.15,,USDADrought1,E7,leaf,"13C, %N",3.384,2225580,612244,D,
H6 DAUPUS 2,-30.86,1366.76,,1.12,58.93,,USDADrought7,A4,leaf,"13C, %N",3.58,2226105,613291,D,
H6 HYPGLA 2,-30.3,1401.75,,1.82,80.51,,USDADrought3,E2,leaf,"13C, %N",3.431,2225767,612486,D,
H6 MADGRA 2,-31.58,1534.76,,2.06,92.26,,USDADrought3,F6,leaf,"13C, %N",3.755,2225783,612506,D,
H7 AVEBAR 2,-30.58,1368.55,,2.06,74.47,,USDADrought7,C4,leaf,"13C, %N",3.382,2226129,613325,D,
H7 BRODIA 2,-30.36,1435.47,,0.87,56.87,,USDADrought5,B8,leaf,"13C, %N",3.411,2225929,612691,D,
H7 BROHOR 2,-30.01,1351.1,,1,67.72,,USDADrought5,C7,leaf,"13C, %N",3.514,2225940,612706,D,
H7 BROMAD 2,-29.75,1255.75,,0.98,46.27,,USDADrought6,C5,leaf,"13C, %N",3.143,2226034,612832,D,
H7 CLAPUR 2,-30.35,1383.6,,0.03,67.21,,USDADrought4,C5,leaf,"13C, %N",3.41,2225842,612585,D,
H7 ELYCAP 2,-30.18,1216.65,,1.37,47.6,,USDADrought5,E11,leaf,"13C, %N",3.498,2225968,612742,D,
H7 EROBOT 1,-30.57,1248.72,,5.31,91.31,,USDADrought2,G3,leaf,"13C, %N",3.184,2225696,611565,D,
H7 HOLVIR 1,-31.32,1664.82,,0.76,65.62,,USDADrought3,C6,leaf,"13C, %N",3.804,2225747,612458,D,
H7 PLAERE 2,-29.78,1425.91,,1,67.36,,USDADrought1,A9,leaf,"13C, %N",3.656,2225534,612180,D,
H7 TRIHIR 2,-31.54,1469.18,,-0.91,105.06,,USDADrought2,A11,leaf,"13C, %N",3.905,2225632,612312,D,
H8 AVEFAT 2,-30.18,1290.47,,1.78,59.21,,USDADrought7,C3,leaf,"13C, %N",3.347,2226128,613324,D,
H8 BRODIA 2,-30.27,1368.06,,2.26,43.7,,USDADrought5,B7,leaf,"13C, %N",3.333,2225928,612690,D,
H8 BROHOR 2,-31.03,1353.19,,1.1,62.89,,USDADrought5,C9,leaf,"13C, %N",3.469,2225942,612708,D,
H8 BROMAD 2,-31.77,1289.86,,0.79,44.67,,USDADrought6,C6,leaf,"13C, %N",3.36,2226035,612833,D,
H8 CENMEL 2,-30.37,1270.26,,1.89,80.97,,USDADrought1,G2,leaf,"13C, %N",3.31,2225599,612269,D,
H8 MICCAL 2,-30.38,1574.09,,1.36,87.39,,USDADrought1,B10,leaf,"13C, %N",3.848,2225547,612199,D,
I1 AVEBAR 2,-29.97,1446.18,,1.25,83.19,,USDADrought7,C6,leaf,"13C, %N",3.617,2226131,613327,D,
I1 BRODIA 2,-30.91,1580.85,,0.74,67.61,,USDADrought4,B2,leaf,"13C, %N",3.993,2225827,612564,D,
I1 BROHOR 2,-30.29,1329.74,,1.12,59.09,,USDADrought6,E8,leaf,"13C, %N",3.473,2226061,613826,D,
I1 CLAPUR 2,-30.89,1436.37,,1.31,88.27,,USDADrought4,C10,leaf,"13C, %N",3.511,2225847,612590,D,
I1 DAUPUS 1,-31.84,1398.6,,0.42,50.39,,USDADrought6,G10,leaf,"13C, %N",3.508,2226087,613436,D,
I1 GERDIS 2,-31.43,1455.43,,0.99,74.62,,USDADrought2,E8,leaf,"13C, %N",3.756,2225677,612371,D,
I1 MADGRA 2,-29.95,1369.13,,0.97,68.73,,USDADrought3,A6,leaf,"13C, %N",3.47,2225723,612424,D,
I1 TORARV 2,-31.02,1363.09,,0.41,45.15,,USDADrought2,C6,leaf,"13C, %N",3.965,2225651,612339,D,
I1 VICSAT 2,-28.25,1737.35,,0.24,193.9,,USDADrought3,E12,leaf,"13C, %N",3.971,2225777,612496,D,
I2 AVEFAT 2,-30.32,1372.82,,1.63,64.69,,USDADrought4,H10,leaf,"13C, %N",3.506,2225907,613585,D,
I2 BRODIA 2,-30.59,1396.11,,0.99,45.91,,USDADrought4,B4,leaf,"13C, %N",3.57,2225829,612566,D,
I2 BROHOR 2,-31.67,1382.2,,1.4,54.39,,USDADrought6,E7,leaf,"13C, %N",3.81,2226060,613825,D,
I2 BROMAD 2,-31.72,1338.55,,0.62,58.51,,USDADrought6,D3,leaf,"13C, %N",3.45,2226044,612846,D,
I2 CENMEL 2,-31.97,1489.71,,2.28,103.29,,USDADrought3,A10,leaf,"13C, %N",3.551,2225727,612428,D,
I2 EROCIC 2,-30.36,1196.04,,4.21,92.46,,USDADrought2,D7,leaf,"13C, %N",3.243,2225664,612356,D,
I2 MICCAL 2,-30,1380.8,,1.07,70.05,,USDADrought6,F10,leaf,"13C, %N",3.379,2226075,613844,D,
I3 AVEBAR 2,-28.89,1368.68,,2.04,98.03,,USDADrought4,H7,leaf,"13C, %N",3.389,2225904,613582,D,
I3 BROARE 2,-30.39,1127.13,,1.54,63.39,,USDADrought1,H4,leaf,"13C, %N",3.17,2225613,612289,D,
I3 BRODIA 2,-31.56,1378.94,,0.26,46.4,,USDADrought4,B5,leaf,"13C, %N",3.484,2225830,612567,D,
I3 BROMAD 2,-32.42,1200.17,,0.54,58.46,,USDADrought3,C5,leaf,"13C, %N",3.015,2225746,612457,D,
I3 EROCIC 2 a,-31.08,1366.87,,1.15,84.88,,USDADrought1,F12,leaf,"13C, %N",3.625,2225597,612265,D,
I3 EROCIC 2 b,-31.43,1205.82,,2.02,70.1,,USDADrought2,E2,leaf,"13C, %N",3.712,2225671,612365,D,
I3 PHATAN 2,-31.23,1448.41,,5.38,62.84,,USDADrought5,E4,leaf,"13C, %N",3.881,2225961,612735,D,
I4 AVEBAR 2,-31.12,1425.53,,1.02,87.71,,USDADrought5,E1,leaf,"13C, %N",3.605,2225958,612732,D,
I4 BRODIA 2,-31.47,1261.82,,0.25,51.94,,USDADrought1,D3,leaf,"13C, %N",3.258,2225564,612222,D,
I4 BROHOR 2,-30.53,1217.74,,1.18,67.39,,USDADrought6,E6,leaf,"13C, %N",3.226,2226059,613824,D,
I4 CLAPUR 2,-31.96,1587.02,,2.73,60.43,,USDADrought4,C11,leaf,"13C, %N",3.947,2225848,612591,D,
I4 DAUPUS 2,-32.72,1333.47,,0.71,65.96,,USDADrought6,G4,leaf,"13C, %N",3.525,2226081,613430,D,
I4 EROBOT 1,-31.54,1468.04,,2.96,119.61,,USDADrought2,G4,leaf,"13C, %N",3.657,2225697,611566,D,
I4 GERDIS 2,-32.04,1330.23,,0.87,63.75,,USDADrought2,E7,leaf,"13C, %N",3.586,2225676,612370,D,
I4 MADGRA 2,-30.89,1303.25,,1.16,64.37,,USDADrought3,F10,leaf,"13C, %N",3.273,2225787,612510,D,
I4 TORARV 2,-31.16,1295.36,,0.68,69.74,,USDADrought2,C4,leaf,"13C, %N",3.822,2225649,612337,D,
I4 VICSAT 2,-29.02,1546.58,,0.24,189.38,,USDADrought3,E5,leaf,"13C, %N",3.62,2225770,612489,D,
I5 AIRCAR 2,-31.1,1147.58,,1.11,30,,USDADrought1,F2,leaf,"13C, %N",3.058,2225587,612255,D,
I5 BRODIA 2,-30.02,1273.42,,0.98,66.81,,USDADrought4,A7,leaf,"13C, %N",3.145,2225820,612555,D,
I5 BROHOR 2,-30.2,1460.88,,1.13,79.71,,USDADrought6,D10,leaf,"13C, %N",3.541,2226051,612853,D,
I5 CLAPUR 2,-30.98,1503.57,,1.1,109.16,,USDADrought1,D11,leaf,"13C, %N",3.861,2225572,612230,D,
I5 HYPGLA 2,-29.55,1276.6,,1.39,79.39,,USDADrought3,D9,leaf,"13C, %N",3.097,2225762,612475,D,
I5 MADGRA 2,-31.34,1318.18,,1.03,89.33,,USDADrought3,F2,leaf,"13C, %N",3.277,2225779,612502,D,
I6 BRODIA 2,-30.29,1532.29,,1.17,67.81,,USDADrought4,A8,leaf,"13C, %N",3.724,2225821,612556,D,
I6 BROHOR 2,-29,1436.12,,0.8,80.96,,USDADrought6,E10,leaf,"13C, %N",3.741,2226063,613828,D,
I6 CLAPUR 2,-31.09,1432.79,,1.19,97.11,,USDADrought1,E9,leaf,"13C, %N",3.676,2225582,612246,D,
I6 DAUPUS 2,-31.02,1190.66,,0.66,59.16,,USDADrought4,C2,leaf,"13C, %N",3.039,2225839,612582,D,
I6 HYPGLA 2,-30.29,1569.51,,3.13,102.76,,USDADrought3,D8,leaf,"13C, %N",3.832,2225761,612474,D,
I6 MADGRA 2,-31.48,1588.99,,1.96,102.29,,USDADrought3,H2,leaf,"13C, %N",3.972,2225803,612534,D,
I7 AVEBAR 2,-30.43,1450.95,,1.39,87.15,,USDADrought6,A5,leaf,"13C, %N",3.518,2226010,612800,D,
I7 BRODIA 2,-30.99,1439.17,,0.47,50.16,,USDADrought5,B9,leaf,"13C, %N",3.476,2225930,612692,D,
I7 BROHOR 2,-29.92,1449.79,,1.35,70.99,,USDADrought6,D12,leaf,"13C, %N",3.544,2226053,612855,D,
I7 BROMAD 2,-30.68,1402.84,,1.53,57.52,,USDADrought5,G11,leaf,"13C, %N",3.423,2225992,612772,D,
I7 CLAPUR 2,-31.49,1333.36,,2.89,67.47,,USDADrought4,E6,leaf,"13C, %N",3.253,2225867,612616,D,
I7 ELYCAP 2,-29.55,1142.4,,0.8,43.09,,USDADrought5,F1,leaf,"13C, %N",3.353,2225970,612748,D,
I7 HOLVIR 1,-31.61,1401.1,,1.5,68.49,,USDADrought2,G10,leaf,"13C, %N",3.379,2225703,611572,D,
I7 MICCAL 2,-30.67,1442.19,,1.36,73.98,,USDADrought6,F6,leaf,"13C, %N",3.543,2226071,613840,D,
I7 PLAERE 2,-27.77,1528.57,,1.42,41.82,,USDADrought5,F11,leaf,"13C, %N",3.922,2225980,612758,D,
I8 AIRCAR 2,-28.69,1290.25,,1.03,28.61,,USDADrought1,F1,leaf,"13C, %N",3.113,2225586,612254,D,
I8 BRODIA 2,-29.5,1518.23,,1.29,54.07,,USDADrought5,B1,leaf,"13C, %N",3.817,2225922,612684,D,
I8 BROHOR 2,-29.62,1306.2,,1.46,63.13,,USDADrought6,E2,leaf,"13C, %N",3.344,2226055,613820,D,
I8 CLAPUR 2,-30.53,1434.57,,1.55,91.36,,USDADrought1,E2,leaf,"13C, %N",3.699,2225575,612239,D,
I8 DAUPUS 2,-31.78,1416.84,,0.86,66.02,,USDADrought6,G11,leaf,"13C, %N",3.576,2226088,613437,D,
I8 HYPGLA 2,-30.99,1434.15,,2.9,47.01,,USDADrought3,D7,leaf,"13C, %N",3.654,2225760,612473,D,
I8 MADGRA 2,-31.15,1496.1,,1.19,94.45,,USDADrought3,H1,leaf,"13C, %N",3.784,2225802,612533,D,
J1 AVEBAR 2,-30.06,1286.23,,2.08,81.5,,USDADrought7,C12,leaf,"13C, %N",3.13,2226137,613333,D,
J1 BRODIA 2,-30.4,1406.16,,0.47,55.83,,USDADrought2,H5,leaf,"13C, %N",3.71,2225710,611585,D,
J1 BROHOR 2,-30.2,1400.17,,1.53,67.14,,USDADrought6,F1,leaf,"13C, %N",3.607,2226066,613835,D,
J1 CLAPUR 2,-31.67,1372.56,,2.07,68.67,,USDADrought4,C6,leaf,"13C, %N",3.438,2225843,612586,D,
J1 DAUPUS 2,-31.64,1513.24,,0.47,61.66,,USDADrought6,F12,leaf,"13C, %N",3.983,2226077,613846,D,
J1 EROBOT 2,-32.49,1304.97,,3.69,56.93,,USDADrought2,F4,leaf,"13C, %N",3.434,2225685,613698,D,
J1 GERDIS 2,-30.45,1463.86,,0.5,75.84,,USDADrought1,A1,leaf,"13C, %N",3.906,2225526,612172,D,
J1 LUPBIC 2,-32.75,1465.61,,0.2,74.22,,USDADrought3,H4,leaf,"13C, %N",3.531,2225805,612536,D,
J1 MADGRA 2,-31.56,1454.3,,1.55,73.49,,USDADrought3,G8,leaf,"13C, %N",3.708,2225797,612522,D,
J1 TORARV 2,-31.68,874.1,,0.77,29.9,,USDADrought1,H10,leaf,"13C, %N",2.595,2225619,612295,D,
J1 TRIHIR 2,-30.12,1326.45,,-0.53,85.8,,USDADrought2,B1,leaf,"13C, %N",3.652,2225634,612316,D,
J1 VICSAT 2,-29.4,1455.78,,0.26,148.09,,USDADrought3,E8,leaf,"13C, %N",3.392,2225773,612492,D,
J2 BRODIA 2,-30.49,1434.55,,0.69,79.71,,USDADrought5,C6,leaf,"13C, %N",3.424,2225939,612705,D,
J2 BROHOR 2,-30.15,1295.45,,0.56,58.34,,USDADrought6,D5,leaf,"13C, %N",3.252,2226046,612848,D,
J2 CLAPUR 2,-30.52,1423.47,,1.85,97.29,,USDADrought1,E8,leaf,"13C, %N",3.642,2225581,612245,D,
J2 DAUPUS 1,-31.31,1202.54,,0.66,48.26,,USDADrought6,G2,leaf,"13C, %N",3.045,2226079,613428,D,
J2 HYPGLA 2,-31.76,1218.95,,0.92,61.74,,USDADrought3,D6,leaf,"13C, %N",3.169,2225759,612472,D,
J2 MADGRA 2,-31.55,1579.13,,1.11,99.63,,USDADrought3,G9,leaf,"13C, %N",3.948,2225798,612523,D,
J3 AVEBAR 2,-30.57,1414.5,,1.43,80.99,,USDADrought7,C10,leaf,"13C, %N",3.486,2226135,613331,D,
J3 BRODIA 2,-31.62,1282.95,,0.89,48.85,,USDADrought4,B3,leaf,"13C, %N",3.239,2225828,612565,D,
J3 BROHOR 2,-30.24,1419.54,,1.22,47.36,,USDADrought6,E4,leaf,"13C, %N",3.893,2226057,613822,D,
J3 BROMAD 2,-31.96,1240.19,,1.03,65.23,,USDADrought3,C4,leaf,"13C, %N",3.154,2225745,612456,D,
J3 CLAPUR 2,-30.28,1412.06,,1.6,72.37,,USDADrought4,E5,leaf,"13C, %N",3.438,2225866,612615,D,
J3 ELYCAP 2,-31.36,1095.94,,0.72,34.05,,USDADrought3,D2,leaf,"13C, %N",3.136,2225755,612468,D,
J3 HOLVIR 2,-30.51,1329.74,,2.21,72.2,,USDADrought4,F2,leaf,"13C, %N",3.134,2225875,613802,D,
J3 MICCAL 2,-29.71,1410.82,,0.12,49.92,,USDADrought1,B6,leaf,"13C, %N",3.646,2225543,612195,D,
J3 PLAERE 2,-30.47,1268.78,,0.56,60.9,,USDADrought3,B11,leaf,"13C, %N",3.109,2225740,612447,D,
J4 AVEBAR 2,-31.75,1569.77,,2.02,74.53,,USDADrought7,C9,leaf,"13C, %N",3.88,2226134,613330,D,
J4 BROARE 2,-30.5,1179.59,,1.76,57.8,,USDADrought1,H3,leaf,"13C, %N",3.156,2225612,612288,D,
J4 BRODIA 2,-31.24,1379.66,,0.84,51.26,,USDADrought5,C3,leaf,"13C, %N",3.456,2225936,612702,D,
J4 BROMAD 2,-32.13,1260.71,,-0.04,58.37,,USDADrought3,C3,leaf,"13C, %N",3.427,2225744,612455,D,
J4 EROCIC 2,-30.17,1328.45,,2.63,128.87,,USDADrought2,D10,leaf,"13C, %N",3.573,2225667,612359,D,
J4 PHATAN 2,-30.73,1173.69,,3.59,56.91,,USDADrought5,E6,leaf,"13C, %N",3.095,2225963,612737,D,
J5 AVEFAT 2,-31.42,1438.47,,1.46,77.01,,USDADrought5,D12,leaf,"13C, %N",3.756,2225957,612725,D,
J5 BRODIA 2,-31.35,1194.32,,1.17,41.53,,USDADrought4,B6,leaf,"13C, %N",3.117,2225831,612568,D,
J5 BROHOR 2,-30.75,1270.1,,0.56,47.69,,USDADrought6,E1,leaf,"13C, %N",3.508,2226054,613819,D,
J5 BROMAD 2,-30.98,1401.92,,1.77,41.4,,USDADrought5,H1,leaf,"13C, %N",3.694,2225994,612780,D,
J5 CENMEL 2,-31.49,1202.36,,0.93,72.37,,USDADrought3,A12,leaf,"13C, %N",3.289,2225729,612430,D,
J5 EROCIC 2,-30.86,1280.03,,3.99,96.99,,USDADrought2,D9,leaf,"13C, %N",3.823,2225666,612358,D,
J5 MICCAL 2,-30.28,1534.06,,1.23,79.94,,USDADrought6,F11,leaf,"13C, %N",3.765,2226076,613845,D,
J6 AVEBAR 2,-28.8,1187.01,,0.97,54.54,,USDADrought4,H12,leaf,"13C, %N",3.008,2225909,613587,D,
J6 BRODIA 2,-30.65,1406.78,,0.49,59.02,,USDADrought5,C1,leaf,"13C, %N",3.53,2225934,612700,D,
J6 BROHOR 2,-29.61,1488.77,,1.13,63.11,,USDADrought6,D7,leaf,"13C, %N",3.674,2226048,612850,D,
J6 BROMAD 2,-29.97,1330.4,,1.45,73.04,,USDADrought5,H9,leaf,"13C, %N",3.27,2226002,612788,D,
J6 CLAPUR 2,-31.32,1479.87,,2.45,75.94,,USDADrought4,E4,leaf,"13C, %N",3.622,2225865,612614,D,
J6 ELYCAP 2,-30.5,1186.62,,0.92,40.61,,USDADrought5,F4,leaf,"13C, %N",3.267,2225973,612751,D,
J6 MICCAL 2,-31.6,1392.62,,0.63,78.78,,USDADrought1,B7,leaf,"13C, %N",3.59,2225544,612196,D,
J6 PLAERE 2,-29.72,1438.33,,1.21,46.37,,USDADrought3,B12,leaf,"13C, %N",3.47,2225741,612448,D,
J6 TRIHIR 2,-32.2,1600.59,,-0.85,115.21,,USDADrought3,B5,leaf,"13C, %N",3.875,2225734,612441,D,
J7 AVEBAR 2,-29.91,1348.92,,1.77,92.6,,USDADrought7,B10,leaf,"13C, %N",3.236,2226123,613315,D,
J7 BROARE 2,-30.4,1164.7,,2.98,75.9,,USDADrought1,H1,leaf,"13C, %N",3.148,2225610,612286,D,
J7 BRODIA 2,-30.56,1403.08,,0.38,45.21,,USDADrought5,C2,leaf,"13C, %N",3.514,2225935,612701,D,
J7 BROMAD 2,-31.84,1171.34,,-0.12,54.76,,USDADrought5,H2,leaf,"13C, %N",3.173,2225995,612781,D,
J7 EROCIC 1,-30.41,1266.93,,1.73,81.83,,USDADrought2,D12,leaf,"13C, %N",3.78,2225669,612361,D,
J7 LUPMIC 1,-31.79,1275.15,,0.33,68.86,,USDADrought5,F5,leaf,"13C, %N",3.441,2225974,612752,D,
J7 PHATAN 2,-29.38,1242.42,,2.48,63.55,,USDADrought5,E9,leaf,"13C, %N",3.309,2225966,612740,D,
J8 AVEFAT 2,-30.58,1419.63,,1.39,61,,USDADrought7,C2,leaf,"13C, %N",3.83,2226127,613323,D,
J8 BRODIA 2,-30.51,1597.33,,0.75,43.12,,USDADrought5,A9,leaf,"13C, %N",3.783,2225918,612674,D,
J8 BROHOR 2,-30.93,1286.12,,0.34,37.12,,USDADrought6,D8,leaf,"13C, %N",3.419,2226049,612851,D,
J8 BROMAD 2,-31.4,1167.81,,1.42,41.06,,USDADrought5,H8,leaf,"13C, %N",3.104,2226001,612787,D,
J8 CENMEL 2,-31.31,1326.99,,0.12,74.75,,USDADrought3,B1,leaf,"13C, %N",3.508,2225730,612437,D,
J8 EROCIC 2,-30.09,1078.2,,3.68,92.34,,USDADrought2,D8,leaf,"13C, %N",3.836,2225665,612357,D,
J8 MICCAL 2,-30.74,1267.54,,0.26,45.58,,USDADrought6,F4,leaf,"13C, %N",3.129,2226069,613838,D,