Recorder,Date,Plant_ID,Sp_Code,Dry_leaf_mass_g
BW,4/3/23,C6.AMSMEN.2,AMSMEN,0.0375
BW,4/3/23,C7.AMSMEN.2,AMSMEN,0.0169
BW,4/3/23,G4.AMSMEN.2,AMSMEN,0.0431
BW,4/3/23,B8.AMSMEN.2,AMSMEN,0.0117
BW,4/3/23,F7.AMSMEN.2,AMSMEN,0.0161
BW,4/3/23,A4.AMSMEN.2,AMSMEN,0.0468
BW,4/3/23,A2.AMSMEN.2,AMSMEN,0.0548
BW,4/5/23,J7.AMSMEN.2,AMSMEN,0.0183
BW,4/5/23,J4.AMSMEN.2,AMSMEN,0.0273
BW,4/5/23,I3.AMSMEN.2,AMSMEN,0.0348
BW,4/5/23,E2.AMSMEN.2,AMSMEN,0.0124
BW,4/5/23,C6.AMSMEN.2,ESCCAL,0.0203
BW,3/31/23,E2.BROARE.2,BROARE,0.0277
BW,3/31/23,C6.BROARE.2,BROARE,0.0278
BW,3/31/23,A4.BROARE.2,BROARE,0.0449
BW,3/31/23,J4.BROARE.2,BROARE,0.033
BW,3/31/23,I3.BROARE.2,BROARE,0.0285
BW,3/31/23,B8.BROARE.2,BROARE,0.0216
BW,3/31/23,J7.BROARE.2,BROARE,0.0284
BW,3/31/23,D5.BROARE.2,BROARE,0.0408
BW,3/31/23,A2.BROARE.2,BROARE,0.0469
BW,3/31/23,F2.BROARE.2,BROARE,0.0324
BW,3/31/23,E4.BROARE.2,BROARE,0.0349
BW,3/31/23,D3.BROARE.2,BROARE,0.0274
BW,3/31/23,F7.BROARE.2,BROARE,0.0251
BW,3/31/23,C7.BROARE.2,BROARE,0.0323
BW,3/31/23,H3.BROARE.2,BROARE,0.0324
BW,3/31/23,G4.BROARE.2,BROARE,0.0323
BW,4/3/23,C2.CALMEN.1,CALMEN,0.0001
BW,4/3/23,D8.CALMEN.2,CALMEN,0.0071
BW,4/3/23,E6.CALMEN.2,CALMEN,0.0015
BW,4/3/23,E5.CALMEN.1,CALMEN,0.0049
BW,4/3/23,J8.CALMEN.1,CALMEN,0.0144
BW,4/3/23,I2.CALMEN.1,CALMEN,0.0054
BW,4/3/23,A7.CALMEN.1,CALMEN,0.0035
BW,4/3/23,B3.CALMEN.1,CALMEN,0.0035
BW,4/3/23,B6.CALMEN.1,CALMEN,0.0011
BW,4/5/23,F8.EROBOT.2,EROBOT,0.1144
BW,4/5/23,F3.EROBOT.1,EROBOT,0.133
BW,4/5/23,A3.EROBOT.1,EROBOT,0.1582
BW,4/5/23,A5.EROBOT.1,EROBOT,0.2365
BW,4/5/23,B2.EROBOT.1,EROBOT,0.096
BW,4/5/23,B1.EROBOT.1,EROBOT,0.0753
BW,4/5/23,B5.EROBOT.1,EROBOT,0.1467
BW,4/5/23,G5.EROBOT.2,EROBOT,0.1447
BW,4/5/23,G8.EROBOT.1,EROBOT,0.0389
BW,4/5/23,C5.EROBOT.1,EROBOT,0.1162
BW,4/5/23,H7.EROBOT.1,EROBOT,0.0907
BW,4/5/23,I4.EROBOT.1,EROBOT,0.1512
BW,4/5/23,D6.EROBOT.2,EROBOT,0.1562
BW,4/5/23,F5.EROBOT.1,EROBOT,0.0065
BW,4/5/23,A8.EROBOT.1,EROBOT,0.0048
BW,4/5/23,G1.EROBOT.1,EROBOT,0.068
BW,4/5/23,J1.EROBOT.2,EROBOT,0.0513
BW,4/5/23,E7.EROBOT.1,EROBOT,0.0112
BW,4/5/23,E8.EROBOT.1,EROBOT,0.0716
BW,4/1/23,J8.EROCIC.2,EROCIC,0.0574
BW,4/1/23,J5.EROCIC.2,EROCIC,0.0462
BW,4/1/23,J4.EROCIC.2,EROCIC,0.0924
BW,4/1/23,I2.EROCIC.2,EROCIC,0.0548
BW,4/1/23,H3.EROCIC.2,EROCIC,0.0511
BW,4/1/23,H1.EROCIC.1,EROCIC,0.0247
BW,4/1/23,G3.EROCIC.1,EROCIC,0.0668
BW,4/1/23,B8.EROCIC.1,EROCIC,0.0708
BW,4/1/23,B3.EROCIC.2,EROCIC,0.1818
BW,4/1/23,B6.EROCIC.1,EROCIC,0.1382
BW,4/1/23,A2.EROCIC.1,EROCIC,0.327
BW,4/1/23,A4.EROCIC.2,EROCIC,0.21
BW,4/1/23,E6.EROCIC.1,EROCIC,0.0063
BW,4/1/23,E5.EROCIC.2,EROCIC,0.0325
BW,4/1/23,E2.EROCIC.2,EROCIC,0.0093
BW,4/1/23,J7.EROCIC.1,EROCIC,0.032
BW,4/1/23,D3.EROCIC.1,EROCIC,0.0173
BW,4/1/23,I3.EROCIC.2,EROCIC,0.0084
BW,4/1/23,H8.EROCIC.1,EROCIC,0.0013
BW,4/1/23,C7.EROCIC.1,EROCIC,0.0063
BW,4/1/23,G4.EROCIC.1,EROCIC,0.0176
BW,4/1/23,F6.EROCIC.2,EROCIC,0.0024
BW,4/1/23,F2.EROCIC.1,EROCIC,0.0309
BW,4/1/23,A6.EROCIC.2,EROCIC,0.015
BW,4/1/23,G4.PHATAN.2,PHATAN,0.0769
BW,4/1/23,A4.PHATAN.2,PHATAN,0.0931
BW,4/5/23,J4.PHATAN.2,PHATAN,0.0679
BW,4/5/23,E4.PHATAN.2,PHATAN,0.0408
BW,4/5/23,I3.PHATAN.2,PHATAN,0.0975
BW,4/5/23,J7.PHATAN.2,PHATAN,0.0625
BW,4/5/23,E2.PHATAN.2,PHATAN,0.061
BW,4/5/23,D5.PHATAN.1,PHATAN,0.0082
BW,4/5/23,C6.PHATAN.1,PHATAN,0.0376
BW,4/5/23,C7.PHATAN.1,PHATAN,0.0029
AZ,4/12/23,F4.PLAERE.2,PLAERE,0.013
AZ,4/10/23,I7.PLAERE.2,PLAERE,0.0271
AZ,4/12/23,F5.PLAERE.2,PLAERE,0.0154
AZ,4/12/23,A5.PLAERE.2,PLAERE,0.0197
AZ,4/12/23,A8.PLAERE.2,PLAERE,0.0119
AZ,4/12/23,G2.PLAERE.2,PLAERE,0.0101
AZ,4/12/23,G5.PLAERE.2,PLAERE,0.0181
AZ,4/12/23,B2.PLAERE.2,PLAERE,0.0164
AZ,4/12/23,B5.PLAERE.2,PLAERE,0.0174
AZ,4/12/23,H4.PLAERE.2,PLAERE,0.0228
AZ,4/12/23,H7.PLAERE.2,PLAERE,0.0075
AZ,4/12/23,C1.PLAERE.2,PLAERE,0.0169
AZ,4/10/23,J3.PLAERE.2,PLAERE,0.0268
AZ,4/10/23,D4.PLAERE.2,PLAERE,0.0223
AZ,4/10/23,J6.PLAERE.2,PLAERE,0.0107
AZ,4/10/23,E7.PLAERE.2,PLAERE,0.013
MR,4/10/23,F8.GERDIS.2,GERDIS,0.0436
MR,4/10/23,G8.GERDIS.2,GERDIS,0.0159
MR,4/10/23,B1.GERDIS.2,GERDIS,0.0463
MR,4/10/23,H5.GERDIS.2,GERDIS,0.031
MR,4/10/23,C5.GERDIS.2,GERDIS,0.0263
MR,4/10/23,D6.GERDIS.2,GERDIS,0.0247
MR,4/10/23,D2.GERDIS.2,GERDIS,0.032
MR,4/10/23,J1.GERDIS.2,GERDIS,0.0198
AK,4/10/23,C4.GERDIS.2,GERDIS,0.614
AK,4/10/23,G1.GERDIS.2,GERDIS,0.0408
AK,4/10/23,B7.GERDIS.2,GERDIS,0.07
AK,4/10/23,I4.GERDIS.2,GERDIS,0.0401
AK,4/10/23,I1.GERDIS.2,GERDIS,0.0763
AK,4/10/23,F3.GERDIS.2,GERDIS,0.0493
AK,4/10/23,A3.GERDIS.2,GERDIS,0.037
AK,4/10/23,E8.GERDIS.2,GERDIS,0.0826
MR,5/21/23,F1.DAUPUS.1,DAUPUS,0.0074
MR,5/21/23,A3.DAUPUS.2,DAUPUS,0.036
MR,5/21/23,A1.DAUPUS.2,DAUPUS,0.021
MR,5/21/23,F3.DAUPUS.2,DAUPUS,0.0099
MR,5/21/23,F8.DAUPUS.2,DAUPUS,0.0297
MR,5/21/23,B1.DAUPUS.2,DAUPUS,0.0632
MR,5/21/23,B4.DAUPUS.2,DAUPUS,0.0273
MR,5/22/23,H6.DAUPUS.2,DAUPUS,0.0223
MR,5/22/23,J2.DAUPUS.2,DAUPUS,0.0322
MR,5/22/23,J1.DAUPUS.2,DAUPUS,0.0207
MR,5/22/23,E8.DAUPUS.2,DAUPUS,0.0183
MR,5/22/23,E3.DAUPUS.1,DAUPUS,0.0265
MR,5/22/23,E1.DAUPUS.2,DAUPUS,0.0198
MR,5/22/23,G8.DAUPUS.2,DAUPUS,0.0166
MR,5/22/23,G7.DAUPUS.2,DAUPUS,0.021
MR,5/22/23,B7.DAUPUS.2,DAUPUS,0.0194
MR,5/22/23,G1.DAUPUS.2,DAUPUS,0.0132
MR,5/22/23,G3.CORFIL.2,CORFIL,0.008
MR,5/22/23,B6.CORFIL.2,CORFIL,0.0387
MR,5/22/23,B3.CORFIL.1,CORFIL,0.045
MR,5/20/23,F3.TORARV.2,TORARV,0.0251
MR,5/20/23,C5.TORARV.2,TORARV,0.0364
MR,5/20/23,C4.TORARV.2,TORARV,0.1791
MR,5/20/23,B1.TORARV.2,TORARV,0.0183
MR,5/20/23,B7.TORARV.2,TORARV,0.029
MR,5/20/23,F8.TORARV.2,TORARV,0.0445
MR,5/20/23,H5.TORARV.2,TORARV,0.0318
MR,5/20/23,I4.TORARV.2,TORARV,0.0281
MR,5/20/23,I1.TORARV.2,TORARV,0.0253
MR,5/20/23,D2.TORARV.2,TORARV,0.0893
MR,5/20/23,D6.TORARV.2,TORARV,0.0237
MR,5/20/23,J1.TORARV.2,TORARV,0.0152
MR,5/20/23,E8.TORARV.2,TORARV,0.0379
MR,5/20/23,A3.TORARV.2,TORARV,0.0442
MR,5/20/23,F4.ELYCAP.2,ELYCAP,0.0069
MR,5/20/23,A8.ELYCAP.2,ELYCAP,0.0074
MR,5/20/23,A5.ELYCAP.2,ELYCAP,0.008
MR,5/20/23,F5.ELYCAP.2,ELYCAP,0.0071
MR,5/20/23,B3.STIPUL.2,STIPUL,0.0119
MR,5/20/23,A7.STIPUL.2,STIPUL,0.0059
MR,5/20/23,F6.STIPUL.2,STIPUL,0.0033
MR,5/20/23,E6.STIPUL.2,STIPUL,0.0028
MR,5/20/23,J6.ELYCAP.2,ELYCAP,0.0103
MR,5/20/23,J8.STIPUL.2,STIPUL,0.0153
MR,5/20/23,J5.STIPUL.2,STIPUL,0.0083
MR,5/20/23,J3.ELYCAP.2,ELYCAP,0.0153
MR,5/20/23,E7.ELYCAP.2,ELYCAP,0.008
MR,5/20/23,E5.STIPUL.2,STIPUL,0.0093
MR,5/20/23,D4.ELYCAP.2,ELYCAP,0.0076
MR,5/20/23,D8.STIPUL.2,STIPUL,0.0068
MR,5/20/23,I2.STIPUL.2,STIPUL,0.0083
MR,5/20/23,I7.ELYCAP.2,ELYCAP,0.0153
MR,5/20/23,D7.STIPUL.2,STIPUL,0.0086
MR,5/20/23,H4.ELYCAP.2,ELYCAP,0.0167
MR,5/20/23,H1.STIPUL.1,STIPUL,0.0049
MR,5/20/23,H7.ELYCAP.2,ELYCAP,0.0138
MR,5/20/23,C1.ELYCAP.2,ELYCAP,0.0061
MR,5/20/23,H8.STIPUL.2,STIPUL,0.0127
MR,5/20/23,C2.STIPUL.2,STIPUL,0.0065
MR,5/20/23,G1.TORARV.2,TORARV,0.0619
MR,5/20/23,G3.STIPUL.2,STIPUL,0.0063
MR,5/20/23,B5.ELYCAP.2,ELYCAP,0.0058
MR,5/20/23,G5.ELYCAP.2,ELYCAP,0.0089
MR,5/20/23,G8.TORARV.2,TORARV,0.0609
MR,5/20/23,G2.ELYCAP.2,ELYCAP,0.0123
MR,5/20/23,B6.STIPUL.2,STIPUL,0.0128
MR,5/20/23,B2.ELYCAP.2,ELYCAP,0.0064
MR,5/22/23,F6.CORFIL.2,CORFIL,0.0155
MR,5/22/23,C4.DAUPUS.2,DAUPUS,0.0433
MR,5/22/23,C5.DAUPUS.2,DAUPUS,0.0213
MR,5/22/23,C8.DAUPUS.2,DAUPUS,0.0458
MR,5/22/23,I1.DAUPUS.1,DAUPUS,0.0143
MR,5/22/23,I8.DAUPUS.2,DAUPUS,0.0465
MR,5/22/23,I6.DAUPUS.2,DAUPUS,0.0325
MR,5/22/23,I4.DAUPUS.2,DAUPUS,0.0228
MR,5/22/23,D6.DAUPUS.2,DAUPUS,0.0146
MR,5/22/23,D2.DAUPUS.2,DAUPUS,0.0149
MR,5/22/23,H2.DAUPUS.2,DAUPUS,0.0267
MR,5/22/23,H5.DAUPUS.2,DAUPUS,0.007
MR,5/15/23,G1.MADGRA.2,MADGRA,0.0284
MR,5/15/23,A1.MADGRA.2,MADGRA,0.0418
MR,5/15/23,C3.MADGRA.2,MADGRA,0.0448
MR,5/15/23,C4.MADGRA.2,MADGRA,0.0658
MR,5/15/23,I4.MADGRA.2,MADGRA,0.0771
MR,5/15/23,D1.MADGRA.2,MADGRA,0.0334
MR,5/15/23,D2.MADGRA.2,MADGRA,0.052
MR,5/15/23,G8.MADGRA.2,MADGRA,0.0579
MR,5/15/23,G7.MADGRA.2,MADGRA,0.0251
MR,5/15/23,F8.MADGRA.2,MADGRA,0.0863
MR,5/15/23,F3.MADGRA.2,MADGRA,0.041
MR,5/15/23,A3.MADGRA.2,MADGRA,0.0751
MR,5/15/23,G6.MADGRA.2,MADGRA,0.033
MR,5/15/23,I5.MADGRA.2,MADGRA,0.031
MR,5/15/23,E1.MADGRA.2,MADGRA,0.0298
MR,5/15/23,D6.MADGRA.2,MADGRA,0.0348
MR,5/15/23,I6.MADGRA.2,MADGRA,0.0366
MR,5/15/23,I8.MADGRA.2,MADGRA,0.0552
MR,5/15/23,E3.MADGRA.2,MADGRA,0.0213
MR,5/15/23,E8.MADGRA.2,MADGRA,0.0706
MR,5/15/23,J1.MADGRA.2,MADGRA,0.0446
MR,5/15/23,J2.MADGRA.2,MADGRA,0.021
MR,5/15/23,B4.MADGRA.2,MADGRA,0.0874
MR,5/15/23,B7.MADGRA.2,MADGRA,0.0475
MR,5/15/23,B1.MADGRA.2,MADGRA,0.0596
MR,5/15/23,F1.MADGRA.2,MADGRA,0.0196
MR,5/15/23,I1.MADGRA.2,MADGRA,0.0517
MR,5/15/23,H2.MADGRA.2,MADGRA,0.0188
MR,5/15/23,H5.MADGRA.2,MADGRA,0.0572
MR,5/15/23,H6.MADGRA.2,MADGRA,0.0408
MR,5/15/23,C8.MADGRA.2,MADGRA,0.0402
MR,5/15/23,C5.MADGRA.2,MADGRA,0.0769
MR,5/7/23,C2.CENMEL.2,CENMEL,0.191
MR,5/7/23,B3.CENMEL.2,CENMEL,0.2316
MR,5/7/23,B6.CENMEL.2,CENMEL,0.1459
LS,5/5/23,H2.BROHOR.2,BROHOR,0.0232
LS,5/5/23,H2.CLAPUR.2,CLAPUR,0.0037
LS,5/5/23,H4.BROHOR.2,BROHOR,0.0342
LS,5/5/23,G8.CLAPUR.2,CLAPUR,0.0084
LS,5/5/23,B2.BROHOR.2,BROHOR,0.0114
LS,5/5/23,B1.BROHOR.2,BROHOR,0.0488
LS,5/5/23,G2.BROHOR.2,BROHOR,0.0425
LS,5/5/23,G1.BROHOR.2,BROHOR,0.0128
LS,5/5/23,B3.BROHOR.2,BROHOR,0.0215
LS,5/5/23,G3.BROHOR.2,BROHOR,0.0186
LS,5/5/23,G5.BROHOR.2,BROHOR,0.0233
LS,5/5/23,G7.BROHOR.2,BROHOR,0.0592
LS,5/5/23,G6.BROHOR.2,BROHOR,0.0392
LS,5/5/23,C1.BROHOR.2,BROHOR,0.031
LS,5/5/23,G8.BROHOR.2,BROHOR,0.0104
LS,5/5/23,F4.CLAPUR.2,CLAPUR,0.0138
LS,5/5/23,F8.CLAPUR.2,CLAPUR,0.0119
LS,5/5/23,C4.CLAPUR.2,CLAPUR,0.0153
LS,5/5/23,H1.BROHOR.2,BROHOR,0.0317
LS,5/5/23,A3.CLAPUR.1,CLAPUR,0.0115
LS,5/5/23,A5.CLAPUR.2,CLAPUR,0.0083
LS,5/5/23,A8.CLAPUR.2,CLAPUR,0.0112
LS,5/5/23,A1.CLAPUR.2,CLAPUR,0.0058
LS,5/5/23,B1.CLAPUR.2,CLAPUR,0.0086
LS,5/5/23,B4.CLAPUR.2,CLAPUR,0.0073
LS,5/5/23,B2.CLAPUR.2,CLAPUR,0.0101
LS,5/5/23,C1.CLAPUR.2,CLAPUR,0.0109
LS,5/5/23,B5.CLAPUR.2,CLAPUR,0.0174
LS,5/5/23,B7.CLAPUR.2,CLAPUR,0.0111
LS,5/5/23,C8.CLAPUR.2,CLAPUR,0.0091
LS,5/5/23,C5.CLAPUR.2,CLAPUR,0.0133
LS,5/5/23,C3.CLAPUR.2,CLAPUR,0.0057
LS,5/5/23,C2.BROHOR.2,BROHOR,0.0287
LS,5/5/23,C3.BROHOR.2,BROHOR,0.0406
LS,5/9/23,H4.TRIHIR.1,TRIHIR,0.0208
LS,5/9/23,H7.TRIHIR.2,TRIHIR,0.0237
LS,5/9/23,B7.TRIHIR.1,TRIHIR,0.019
LS,5/9/23,B2.TRIHIR.2,TRIHIR,0.0407
LS,5/9/23,B5.TRIHIR.1,TRIHIR,0.0346
LS,5/9/23,G1.TRIHIR.1,TRIHIR,0.021
LS,5/9/23,G8.TRIHIR.1,TRIHIR,0.0287
LS,5/9/23,G5.TRIHIR.1,TRIHIR,0.0309
LS,5/9/23,G2.TRIHIR.2,TRIHIR,0.0276
LS,5/9/23,F5.TRIHIR.2,TRIHIR,0.0212
LS,5/9/23,F4.TRIHIR.2,TRIHIR,0.032
LS,5/9/23,F8.TRIHIR.1,TRIHIR,0.023
LS,5/9/23,A8.TRIHIR.1,TRIHIR,0.0286
LS,5/9/23,E8.TRIHIR.1,TRIHIR,0.0214
LS,5/9/23,E7.TRIHIR.1,TRIHIR,0.0146
LS,5/9/23,J6.TRIHIR.2,TRIHIR,0.0203
LS,5/9/23,D6.TRIHIR.2,TRIHIR,0.0143
LS,5/9/23,D2.TRIHIR.2,TRIHIR,0.0381
LS,5/9/23,I6.AIRCAR.1,AIRCAR,0.0009
LS,5/9/23,I5.AIRCAR.2,AIRCAR,0.0044
LS,5/9/23,C5.TRIHIR.2,TRIHIR,0.0362
LS,5/9/23,C1.TRIHIR.2,TRIHIR,0.035
LS,5/9/23,F3.TRIHIR.2,TRIHIR,0.0028
LS,5/9/23,I8.AIRCAR.2,AIRCAR,0.0043
LS,5/9/23,E3.AIRCAR.2,AIRCAR,0.0023
LS,5/5/23,G6.CLAPUR.2,CLAPUR,0.0057
LS,5/5/23,H4.CLAPUR.2,CLAPUR,0.0063
LS,5/5/23,G2.CLAPUR.2,CLAPUR,0.0137
LS,5/5/23,G1.CLAPUR.2,CLAPUR,0.0105
LS,5/5/23,F1.CLAPUR.2,CLAPUR,0.0053
LS,5/5/23,F3.CLAPUR.2,CLAPUR,0.0082
LS,5/5/23,F5.CLAPUR.2,CLAPUR,0.0105
LS,5/5/23,G5.CLAPUR.2,CLAPUR,0.012
LS,5/3/23,J8.BROHOR.2,BROHOR,0.0327
LS,5/3/23,J6.BROHOR.2,BROHOR,0.0204
LS,5/5/23,C4.BROHOR.2,BROHOR,0.0112
LS,5/5/23,B5.BROHOR.2,BROHOR,0.0135
LS,5/5/23,B6.BROHOR.2,BROHOR,0.0164
LS,5/5/23,B7.BROHOR.2,BROHOR,0.021
LS,5/9/23,E1.AIRCAR.2,AIRCAR,0.0013
LS,5/9/23,C3.AIRCAR.2,AIRCAR,0.0026
LS,5/9/23,C8.AIRCAR.2,AIRCAR,0.0006
LS,5/9/23,D1.AIRCAR.2,AIRCAR,0.0024
LS,5/9/23,B4.AIRCAR.2,AIRCAR,0.0014
LS,5/9/23,G7.AIRCAR.2,AIRCAR,0.0019
LS,5/9/23,H2.AIRCAR.2,AIRCAR,0.0029
LS,5/9/23,A1.AIRCAR.2,AIRCAR,0.0017
LS,5/9/23,F1.AIRCAR.2,AIRCAR,0.0015
LS,5/9/23,G6.AIRCAR.2,AIRCAR,0.0018
LS,5/9/23,H6.AIRCAR.2,AIRCAR,0.0021
LS,5/9/23,G6.ACMPAR.1,ACMPAR,0.0007
LS,5/9/23,I8.ACMPAR.1,ACMPAR,0.0015
LS,5/9/23,C3.ACMPAR.1,ACMPAR,0.0005
LS,5/9/23,A1.ACMPAR.1,ACMPAR,0.0054
LS,5/9/23,F1.ACMPAR.2,ACMPAR,0.0003
LS,5/9/23,G6.DANCAL.1,DANCAL,0.006
LS,5/3/23,C8.BROHOR.2,BROHOR,0.0241
LS,5/3/23,E5.BROHOR.2,BROHOR,0.0203
LS,5/3/23,I6.BROHOR.2,BROHOR,0.0223
LS,5/3/23,I1.BROHOR.2,BROHOR,0.0501
LS,5/3/23,I2.BROHOR.2,BROHOR,0.0174
LS,5/3/23,I4.BROHOR.2,BROHOR,0.0533
LS,5/3/23,I8.BROHOR.2,BROHOR,0.041
LS,5/3/23,J5.BROHOR.2,BROHOR,0.0341
LS,5/3/23,J3.BROHOR.2,BROHOR,0.0191
LS,5/3/23,J2.BROHOR.2,BROHOR,0.0462
LS,5/3/23,J1.BROHOR.2,BROHOR,0.0194
LS,5/3/23,E3.BROHOR.2,BROHOR,0.0805
LS,5/3/23,E1.BROHOR.2,BROHOR,0.0262
LS,5/3/23,I7.BROHOR.2,BROHOR,0.0158
LS,5/3/23,I5.BROHOR.2,BROHOR,0.0406
LS,5/3/23,D1.BROHOR.2,BROHOR,0.0235
LS,5/3/23,D7.BROHOR.2,BROHOR,0.0239
LS,5/3/23,D8.BROHOR.2,BROHOR,0.012
LS,5/3/23,D6.BROHOR.2,BROHOR,0.0339
LS,5/3/23,D2.BROHOR.2,BROHOR,0.0204
LS,5/3/23,D4.BROHOR.2,BROHOR,0.0261
LS,5/3/23,H5.BROHOR.2,BROHOR,0.0228
LS,5/3/23,C5.BROHOR.1,BROHOR,0.0159
LS,5/3/23,B4.BROHOR.2,BROHOR,0.0256
LS,5/3/23,E7.BROHOR.2,BROHOR,0.017
LS,5/3/23,E8.BROHOR.2,BROHOR,0.0221
LS,5/3/23,A1.BROHOR.2,BROHOR,0.0799
LS,5/3/23,A3.BROHOR.2,BROHOR,0.038
LS,5/3/23,F1.BROHOR.2,BROHOR,0.0534
LS,5/3/23,F3.BROHOR.2,BROHOR,0.0249
LS,5/3/23,A5.BROHOR.2,BROHOR,0.022
LS,5/3/23,A6.BROHOR.2,BROHOR,0.0148
LS,5/3/23,F4.BROHOR.2,BROHOR,0.0251
LS,5/3/23,F5.BROHOR.2,BROHOR,0.0168
LS,5/3/23,A8.BROHOR.2,BROHOR,0.0255
LS,5/3/23,A7.BROHOR.2,BROHOR,0.0365
LS,4/30/23,C4.BRODIA.2,BRODIA,0.0378
LS,5/3/23,F8.BROHOR.2,BROHOR,0.041
LS,5/3/23,F6.BROHOR.2,BROHOR,0.0234
LS,5/3/23,E6.BROHOR.2,BROHOR,0.0115
LS,5/3/23,H6.BROHOR.2,BROHOR,0.0298
LS,5/3/23,H8.BROHOR.2,BROHOR,0.0195
LS,5/3/23,H7.BROHOR.2,BROHOR,0.031
BP,5/1/23,E2.BRODIA.2,BRODIA,0.0198
BP,5/1/23,E4.BRODIA.2,BRODIA,0.0522
BP,5/1/23,E5.BRODIA.1,BRODIA,0.0396
BP,5/1/23,E6.BRODIA.2,BRODIA,0.0299
BP,5/1/23,J7.BRODIA.2,BRODIA,0.0316
BP,5/1/23,J6.BRODIA.2,BRODIA,0.0336
BP,5/1/23,J5.BRODIA.2,BRODIA,0.0221
BP,5/1/23,J3.BRODIA.2,BRODIA,0.0379
BP,5/1/23,J4.BRODIA.2,BRODIA,0.0858
BP,5/1/23,J2.BRODIA.2,BRODIA,0.0515
BP,5/1/23,J1.BRODIA.2,BRODIA,0.0569
BP,5/1/23,J8.BRODIA.2,BRODIA,0.0597
BP,5/1/23,D8.BRODIA.2,BRODIA,0.0195
BP,5/1/23,D7.BRODIA.2,BRODIA,0.0469
BP,5/1/23,D5.BRODIA.2,BRODIA,0.0371
BP,5/1/23,D6.BRODIA.2,BRODIA,0.053
BP,5/1/23,D3.BRODIA.2,BRODIA,0.0574
BP,5/1/23,D4.BRODIA.2,BRODIA,0.0603
BP,5/1/23,D1.BRODIA.2,BRODIA,0.0409
BP,5/1/23,D2.BRODIA.2,BRODIA,0.0271
BP,5/1/23,I1.BRODIA.2,BRODIA,0.078
BP,5/1/23,I2.BRODIA.2,BRODIA,0.0558
BP,5/1/23,I3.BRODIA.2,BRODIA,0.0518
BP,5/1/23,I5.BRODIA.2,BRODIA,0.0773
BP,5/1/23,I6.BRODIA.2,BRODIA,0.032
BP,5/1/23,I4.BRODIA.2,BRODIA,0.0217
BP,5/7/23,F6.CENMEL.2,CENMEL,0.1076
BP,5/7/23,A6.CENMEL.2,CENMEL,0.0883
BP,5/7/23,A7.CENMEL.2,CENMEL,0.0838
BP,5/7/23,G3.CENMEL.2,CENMEL,0.1173
BP,5/7/23,H1.CENMEL.2,CENMEL,0.1044
BP,5/7/23,H8.CENMEL.2,CENMEL,0.1727
BP,5/7/23,E5.CENMEL.2,CENMEL,0.0612
BP,5/7/23,E6.CENMEL.2,CENMEL,0.0733
BP,5/7/23,I2.CENMEL.2,CENMEL,0.144
BP,5/7/23,J5.CENMEL.2,CENMEL,0.108
BP,5/7/23,J8.CENMEL.2,CENMEL,0.0628
BP,5/7/23,D7.CENMEL.2,CENMEL,0.0822
BP,5/7/23,D8.CENMEL.2,CENMEL,0.0416
BP,5/7/23,H5.CLAPUR.2,CLAPUR,0.0106
BP,5/7/23,H6.CLAPUR.2,CLAPUR,0.0051
BP,5/7/23,I1.CLAPUR.2,CLAPUR,0.0144
BP,5/7/23,I4.CLAPUR.2,CLAPUR,0.0105
BP,5/7/23,D1.CLAPUR.2,CLAPUR,0.0035
BP,5/7/23,I5.CLAPUR.2,CLAPUR,0.0063
BP,5/7/23,I6.CLAPUR.2,CLAPUR,0.004
BP,5/7/23,D2.CLAPUR.2,CLAPUR,0.0105
BP,5/7/23,D4.CLAPUR.2,CLAPUR,0.0088
BP,5/7/23,I8.CLAPUR.2,CLAPUR,0.0061
BP,5/7/23,D6.CLAPUR.2,CLAPUR,0.0128
BP,5/7/23,E1.CLAPUR.2,CLAPUR,0.0032
BP,5/7/23,J2.CLAPUR.2,CLAPUR,0.0041
BP,5/7/23,J1.CLAPUR.2,CLAPUR,0.0105
BP,5/7/23,H7.CLAPUR.2,CLAPUR,0.01
IL,4/29/23,F1.BRODIA.2,BRODIA,0.0212
IL ,4/29/23,F2.ESCCAL.2,ESCCAL,0.0097
IL,4/29/23,B3.ESCCAL.2,ESCCAL,0.0423
IL,4/29/23,B8.ESCCAL.2,ESCCAL,0.0312
IL,4/29/23,B4.ESCCAL.1,ESCCAL,0.0237
IL,4/29/23,E5.ESCCAL.2,ESCCAL,0.0138
IL,4/29/23,E6.ESCCAL.2,ESCCAL,0.0528
IL,4/29/23,E3.ESCCAL.2,ESCCAL,0.0089
IL,4/29/23,E1.ESCCAL.2,ESCCAL,0.0063
IL,4/29/23,D7.ESCCAL.2,ESCCAL,0.0838
IL,4/29/23,C8.ESCCAL.2,ESCCAL,0.011
IL,4/23/23,J3.BROMAD.2,BROMAD,0.0227
IL,4/28/23,G3.ESCCAL.2,ESCCAL,0.0236
IL ,5/7/23,E7.CLAPUR.2,CLAPUR,0.0181
IL,5/7/23,I7.CLAPUR.2,CLAPUR,0.0149
IL,5/7/23,J3.CLAPUR.2,CLAPUR,0.0127
IL,5/7/23,J6.CLAPUR.2,CLAPUR,0.0185
IL,5/7/23,E8.CLAPUR.2,CLAPUR,0.0082
IL,5/9/23,I6.ACMPAR.1,ACMPAR,0.0005
IL,5/9/23,J2.AIRCAR.2,AIRCAR,0.0021
IL,5/9/23,J2.ACMPAR.1,ACMPAR,0.0013
IL,5/9/23,J1.TRIHIR.2,TRIHIR,0.0441
IL,5/7/23,E3.CLAPUR.2,CLAPUR,0.0062
IL,4/30/23,H4.BRODIA.2,BRODIA,0.0211
IL,4/30/23,H2.BRODIA.2,BRODIA,0.0549
IL,4/30/23,H1.BRODIA.2,BRODIA,0.0503
IL,4/30/23,C1.BRODIA.2,BRODIA,0.0463
IL,4/30/23,C2.BRODIA.2,BRODIA,0.0675
IL,4/30/23,G8.BRODIA.2,BRODIA,0.0344
IL,4/30/23,G7.BRODIA.2,BRODIA,0.0589
IL,4/30/23,B7.BRODIA.2,BRODIA,0.0906
IL,4/30/23,B8.BRODIA.2,BRODIA,0.0293
IL,4/30/23,G6.BRODIA.2,BRODIA,0.0614
IL,4/30/23,G5.BRODIA.2,BRODIA,0.0357
IL,4/30/23,F5.BRODIA.2,BRODIA,0.033
IL,4/30/23,F7.BRODIA.2,BRODIA,0.0463
IL,4/30/23,F4.BRODIA.2,BRODIA,0.0425
IL,4/30/23,A8.BRODIA.2,BRODIA,0.022
IL,4/30/23,A7.BRODIA.2,BRODIA,0.042
IL,4/30/23,A5.BRODIA.2,BRODIA,0.0416
IL,4/30/23,B5.BRODIA.2,BRODIA,0.0215
IL,4/30/23,A4.BRODIA.2,BRODIA,0.0434
IL,4/30/23,B6.BRODIA.2,BRODIA,0.0834
IL,4/30/23,G3.BRODIA.2,BRODIA,0.0354
IL,4/30/23,G4.BRODIA.2,BRODIA,0.0495
IL,4/30/23,B4.BRODIA.2,BRODIA,0.0427
IL,4/30/23,B3.BRODIA.2,BRODIA,0.079
IL,4/30/23,G2.BRODIA.2,BRODIA,0.0272
IL,4/30/23,F8.BRODIA.2,BRODIA,0.0275
IL,4/30/23,G1.BRODIA.2,BRODIA,0.0308
IL,4/30/23,B2.BRODIA.2,BRODIA,0.03
IL,4/30/23,B1.BRODIA.2,BRODIA,0.0345
IL,5/1/23,E7.BRODIA.2,BRODIA,0.0223
IL,5/1/23,E8.BRODIA.2,BRODIA,0.0346
IL,5/1/23,E3.BRODIA.2,BRODIA,0.0276
IL,5/1/23,E1.BRODIA.2,BRODIA,0.0512
IL,4/30/23,A6.BRODIA.2,BRODIA,0.0791
IL,4/30/23,F3.BRODIA.2,BRODIA,0.0275
IL,4/30/23,F6.BRODIA.2,BRODIA,0.0427
IL,4/30/23,H5.BRODIA.2,BRODIA,0.0324
IL,4/30/23,H6.BRODIA.2,BRODIA,0.044
IL,4/30/23,C3.BRODIA.2,BRODIA,0.0696
IL,4/30/23,C5.BRODIA.2,BRODIA,0.1154
IL,4/30/23,C6.BRODIA.2,BRODIA,0.0632
IL,4/29/23,D1.ESCCAL.2,ESCCAL,0.0333
IL,4/29/23,C7.ESCCAL.2,ESCCAL,0.0252
IL,4/29/23,C2.ESCCAL.2,ESCCAL,0.0323
IL,4/29/23,C3.ESCCAL.1,ESCCAL,0.0431
IL,4/27/23,C1.MICCAL.2,MICCAL,0.0157
IL,4/29/23,A7.ESCCAL.2,ESCCAL,0.091
IL,4/29/23,A4.ESCCAL.2,ESCCAL,0.0251
IL,4/29/23,A6.ESCCAL.1,ESCCAL,0.0368
IL,4/29/23,F6.ESCCAL.2,ESCCAL,0.0977
IL,4/29/23,E7.MICCAL.2,MICCAL,0.0182
IL,4/29/23,I5.ESCCAL.2,ESCCAL,0.0206
IL,4/29/23,A2.BRODIA.2,BRODIA,0.064
IL,4/29/23,B6.ESCCAL.2,ESCCAL,0.0058
IL,4/29/23,F1.ESCCAL.1,ESCCAL,0.0083
IL,4/29/23,A1.ESCCAL.1,ESCCAL,0.0205
IL,4/27/23,H7.MICCAL.2,MICCAL,0.0099
IL,4/27/23,J6.MICCAL.2,MICCAL,0.0069
IL,4/27/23,D8.MICCAL.2,MICCAL,0.0054
IL,4/27/23,E5.MICCAL.2,MICCAL,0.0106
IL,4/27/23,I7.MICCAL.2,MICCAL,0.0138
IL,4/27/23,J3.MICCAL.2,MICCAL,0.0069
IL,4/27/23,D4.MICCAL.2,MICCAL,0.0095
IL,4/27/23,D7.MICCAL.2,MICCAL,0.0066
IL,4/27/23,I2.MICCAL.2,MICCAL,0.0181
IL,4/27/23,C2.MICCAL.2,MICCAL,0.0275
IL,4/27/23,F4.LUPBIC.2,LUPBIC,0.0026
IL,4/27/23,A5.LUPBIC.2,LUPBIC,0.0052
IL,4/27/23,H8.MICCAL.2,MICCAL,0.0066
IL,4/28/23,G7.ESCCAL.2,ESCCAL,0.0131
IL,4/27/23,A3.LUPBIC.1,LUPBIC,0.0117
IL,4/23/23,D2.VICSAT.2,VICSAT,0.0533
IL,4/28/23,A8.ESCCAL.2,ESCCAL,0.0625
IL,4/23/23,E8.VICSAT.2,VICSAT,0.0481
IL,4/23/23,J1.VICSAT.2,VICSAT,0.0384
IL,4/23/23,D6.VICSAT.2,VICSAT,0.0324
IL,4/27/23,G3.MICCAL.2,MICCAL,0.02
IL,4/27/23,G5.MICCAL.2,MICCAL,0.0189
IL,4/27/23,J8.MICCAL.2,MICCAL,0.0077
IL,4/27/23,J5.MICCAL.2,MICCAL,0.0209
IL,4/23/23,J4.BROMAD.2,BROMAD,0.0312
IL,4/23/23,E4.BROMAD.2,BROMAD,0.0179
IL,4/23/23,J7.BROMAD.2,BROMAD,0.0231
IL,4/23/23,E2.BROMAD.2,BROMAD,0.0167
IL,4/23/23,J5.BROMAD.2,BROMAD,0.0258
IL,4/27/23,B6.MICCAL.2,MICCAL,0.0068
IL,4/27/23,H4.MICCAL.2,MICCAL,0.0057
IL,4/27/23,H1.MICCAL.2,MICCAL,0.0023
IL,4/27/23,A8.MICCAL.2,MICCAL,0.0028
IL,4/27/23,A6.MICCAL.2,MICCAL,0.0032
IL,4/27/23,A5.MICCAL.2,MICCAL,0.0037
IL,4/27/23,G2.MICCAL.2,MICCAL,0.0066
IL,4/27/23,B2.MICCAL.2,MICCAL,0.0049
IL,4/27/23,B3.MICCAL.2,MICCAL,0.0057
IL,4/27/23,B5.MICCAL.2,MICCAL,0.0023
IL,4/27/23,F6.MICCAL.2,MICCAL,0.0025
IL,4/27/23,F5.MICCAL.2,MICCAL,0.0051
IL,4/27/23,F4.MICCAL.2,MICCAL,0.0045
IL,4/26/23,A3.BRODIA.2,BRODIA,0.0394
IL,4/29/23,A2.ESCCAL.1,ESCCAL,0.0402
IL,4/29/23,A1.BRODIA.2,BRODIA,0.0389
IL,4/29/23,F2.BRODIA.2,BRODIA,0.0432
IL,5/1/23,I8.BRODIA.2,BRODIA,0.074
IL,5/1/23,I7.BRODIA.2,BRODIA,0.0418
IL,5/1/23,C8.BRODIA.2,BRODIA,0.0662
IL,5/1/23,H8.BRODIA.2,BRODIA,0.0439
IL,5/1/23,H7.BRODIA.2,BRODIA,0.0446
IL,4/28/23,C7.BRODIA.2,BRODIA,0.0431
IL,4/28/23,I3.ESCCAL.1,ESCCAL,0.056
IL,4/28/23,H4.LUPBIC.2,LUPBIC,0.0097
IL,4/28/23,C4.LUPBIC.2,LUPBIC,0.0014
IL,4/28/23,G1.LUPBIC.1,LUPBIC,0.0025
LS,4/23/23,H5.VICSAT.2,VICSAT,0.0406
LS,4/23/23,C5.VICSAT.2,VICSAT,0.0394
LS,4/28/23,C1.LUPBIC.2,LUPBIC,0.0073
LS,4/28/23,G8.LUPBIC.1,LUPBIC,0.006
LS,4/28/23,G2.LUPBIC.2,LUPBIC,0.0054
LS,4/28/23,B5.LUPBIC.1,LUPBIC,0.0179
LS,4/28/23,B2.LUPBIC.2,LUPBIC,0.0168
LS,4/28/23,F8.LUPBIC.2,LUPBIC,0.0024
LS,4/28/23,F5.LUPBIC.2,LUPBIC,0.0099
LS,4/28/23,B1.LUPBIC.2,LUPBIC,0.0081
LS,4/28/23,A8.LUPBIC.2,LUPBIC,0.0062
LS,4/28/23,H6.ESCCAL.2,ESCCAL,0.0154
LS,4/28/23,I1.LUPBIC.1,LUPBIC,0.0101
LS,4/28/23,I7.LUPBIC.2,LUPBIC,0.0032
LS,4/28/23,H1.ESCCAL.2,ESCCAL,0.068
LS,4/28/23,I2.ESCCAL.2,ESCCAL,0.0285
LS,4/28/23,D2.LUPBIC.2,LUPBIC,0.0043
LS,4/28/23,E7.LUPBIC.2,LUPBIC,0.0195
LS,4/28/23,I8.ESCCAL.2,ESCCAL,0.0131
LS,4/26/23,E1.GALPAR.2,GALPAR,0.0022
LS,4/26/23,A1.GALPAR.2,GALPAR,0.0016
LS,4/28/23,B4.GALPAR.2,GALPAR,0.0019
LS,4/26/23,C3.GALPAR.2,GALPAR,0.0029
LS,4/26/23,C8.GALPAR.2,GALPAR,0.0024
LS,4/26/23,D1.GALPAR.2,GALPAR,0.0037
LS,4/26/23,E3.GALPAR.2,GALPAR,0.0024
LS,4/26/23,J2.GALPAR.2,GALPAR,0.0034
LS,4/26/23,I6.GALPAR.2,GALPAR,0.0015
LS,4/26/23,I8.GALPAR.2,GALPAR,0.0039
LS,4/26/23,I5.GALPAR.2,GALPAR,0.0016
LS,4/26/23,H2.GALPAR.2,GALPAR,0.0014
LS,4/26/23,G6.GALPAR.2,GALPAR,0.0022
LS,4/26/23,H6.GALPAR.2,GALPAR,0.005
LS,4/26/23,G7.GALPAR.2,GALPAR,0.0045
LS,4/26/23,F1.GALPAR.2,GALPAR,0.0035
LS,4/23/23,J6.BROMAD.2,BROMAD,0.0209
LS,4/23/23,D8.BROMAD.2,BROMAD,0.0114
LS,4/28/23,J1.LUPBIC.2,LUPBIC,0.0038
LS,4/28/23,J3.LUPBIC.2,LUPBIC,0.0026
LS,4/23/23,I1.VICSAT.2,VICSAT,0.0629
LS,4/23/23,I7.BROMAD.2,BROMAD,0.0152
LS,4/23/23,D5.BROMAD.2,BROMAD,0.0429
LS,4/23/23,C4.VICSAT.2,VICSAT,0.0707
LS,4/24/23,G2.BROMAD.2,BROMAD,0.0272
LS,4/24/23,G5.BROMAD.2,BROMAD,0.011
LS,4/24/23,B6.BROMAD.2,BROMAD,0.0244
LS,4/23/23,I3.BROMAD.2,BROMAD,0.0107
LS,4/24/23,A2.BROMAD.2,BROMAD,0.0175
LS,4/23/23,D4.BROMAD.2,BROMAD,0.0087
LS,4/23/23,D7.BROMAD.2,BROMAD,0.0132
LS,4/24/23,A6.BROMAD.2,BROMAD,0.0144
LS,4/23/23,J8.BROMAD.2,BROMAD,0.0185
LS,4/24/23,F7.LUPMIC.2,LUPMIC,0.245
LS,4/26/23,A1.HYPGLA.2,HYPGLA,0.2425
LS,4/26/23,B4.HYPGLA.2,HYPGLA,0.0759
LS,4/26/23,C3.HYPGLA.2,HYPGLA,0.1349
LS,4/26/23,C8.HYPGLA.2,HYPGLA,0.0758
LS,4/26/23,D1.HYPGLA.2,HYPGLA,0.0658
LS,4/26/23,E1.HYPGLA.2,HYPGLA,0.0124
LS,4/26/23,E3.HYPGLA.2,HYPGLA,0.0152
LS,4/26/23,J2.HYPGLA.2,HYPGLA,0.0124
LS,4/26/23,I8.HYPGLA.2,HYPGLA,0.066
LS,4/26/23,I6.HYPGLA.2,HYPGLA,0.0495
LS,4/26/23,I5.HYPGLA.2,HYPGLA,0.0444
LS,4/26/23,H2.HYPGLA.2,HYPGLA,0.0309
LS,4/26/23,G6.HYPGLA.2,HYPGLA,0.0497
LS,4/26/23,H6.HYPGLA.2,HYPGLA,0.0494
LS,4/26/23,G7.HYPGLA.2,HYPGLA,0.0173
LS,4/26/23,F1.HYPGLA.2,HYPGLA,0.0275
LS,4/23/23,I4.VICSAT.2,VICSAT,0.0478
LS,4/28/23,D6.LUPBIC.1,LUPBIC,0.0025
LS,4/27/23,F3.LUPBIC.2,LUPBIC,0.003
LS,4/28/23,E8.LUPBIC.1,LUPBIC,0.0077
LS,4/28/23,J2.ESCCAL.2,ESCCAL,0.009
LS,4/28/23,J6.LUPBIC.2,LUPBIC,0.0062
LS,4/28/23,J7.ESCCAL.1,ESCCAL,0.0049
LS,4/28/23,J8.ESCCAL.2,ESCCAL,0.0442
LS,4/28/23,J5.ESCCAL.2,ESCCAL,0.0466
LS,4/28/23,F2.LUPSUC.2,LUPSUC,0.0274
LS,4/23/23,A4.CAUCOU.2,CAUCOU,0.1056
LS,4/28/23,G6.ESCCAL.2,ESCCAL,0.0259
LS,4/28/23,H2.ESCCAL.2,ESCCAL,0.012
LS,4/22/23,A4.AVEBAR.2,AVEBAR,0.1377
LS,4/22/23,G1.AVEBAR.1,AVEBAR,0.1116
LS,4/22/23,B5.AVEBAR.2,AVEBAR,0.2816
LS,4/22/23,G3.AVEBAR.2,AVEBAR,0.0649
LS,4/22/23,G2.AVEBAR.1,AVEBAR,0.0651
LS,4/22/23,B8.AVEBAR.2,AVEBAR,0.1287
LS,4/24/23,E2.LUPMIC.1,LUPMIC,0.1281
LS,4/24/23,D5.LUPMIC.1,LUPMIC,0.0659
LS,4/24/23,C7.LUPMIC.2,LUPMIC,0.1459
LS,4/24/23,B2.BROMAD.2,BROMAD,0.0127
LS,4/24/23,B8.BROMAD.2,BROMAD,0.0174
LS,4/24/23,H1.BROMAD.2,BROMAD,0.0216
LS,4/24/23,B5.BROMAD.2,BROMAD,0.0197
LS,4/24/23,A4.BROMAD.2,BROMAD,0.0236
LS,4/24/23,B3.BROMAD.2,BROMAD,0.0074
LS,4/24/23,I2.BROMAD.2,BROMAD,0.0119
LS,4/24/23,E7.BROMAD.2,BROMAD,0.0097
LS,4/24/23,D3.BROMAD.2,BROMAD,0.0081
LS,4/24/23,C1.BROMAD.2,BROMAD,0.0099
LS,4/24/23,C6.BROMAD.2,BROMAD,0.0254
LS,4/24/23,C2.BROMAD.2,BROMAD,0.0053
LS,4/24/23,H3.BROMAD.2,BROMAD,0.0285
LS,4/24/23,H4.BROMAD.2,BROMAD,0.014
LS,4/24/23,G4.BROMAD.2,BROMAD,0.0097
LS,4/23/23,H7.BROMAD.2,BROMAD,0.0195
LS,4/23/23,H8.BROMAD.2,BROMAD,0.0143
LS,4/23/23,C7.BROMAD.2,BROMAD,0.0192
LS,4/22/23,A5.AVEBAR.1,AVEBAR,0.0577
LS,4/22/23,A7.AVEBAR.1,AVEBAR,0.0814
LS,4/22/23,A8.AVEBAR.2,AVEBAR,0.2125
LS,4/22/23,B1.AVEBAR.1,AVEBAR,0.1695
BP,4/23/23,E6.BROMAD.2,BROMAD,0.0107
BP,4/23/23,E5.BROMAD.1,BROMAD,0.0107
BP,4/24/23,A5.BROMAD.2,BROMAD,0.0118
BP,4/24/23,A7.BROMAD.2,BROMAD,0.0168
BP,4/24/23,A8.BROMAD.2,BROMAD,0.0173
BP,4/24/23,F4.BROMAD.2,BROMAD,0.0137
BP,4/24/23,F2.BROMAD.2,BROMAD,0.0143
BP,4/24/23,F5.BROMAD.2,BROMAD,0.0168
BP,4/24/23,G3.BROMAD.2,BROMAD,0.039
BP,4/24/23,F6.BROMAD.2,BROMAD,0.0122
BP,4/24/23,F7.BROMAD.2,BROMAD,0.0226
BP,4/22/23,G4.AVEBAR.2,AVEBAR,0.0426
BP,4/22/23,G5.AVEBAR.2,AVEBAR,0.209
BP,4/22/23,B2.AVEBAR.2,AVEBAR,0.2254
BP,4/22/23,C1.AVEBAR.2,AVEBAR,0.1225
BP,4/22/23,F2.AVEBAR.2,AVEBAR,0.0648
BP,4/22/23,F4.AVEBAR.2,AVEBAR,0.0918
BP,4/22/23,F3.AVEBAR.1,AVEBAR,0.1242
BP,4/22/23,F5.AVEBAR.2,AVEBAR,0.118
BP,4/22/23,F6.AVEBAR.1,AVEBAR,0.251
BP,4/22/23,F8.AVEBAR.2,AVEBAR,0.0704
BP,4/22/23,F7.AVEBAR.2,AVEBAR,0.0636
BP,4/22/23,A3.AVEBAR.2,AVEBAR,0.2069
BP,4/22/23,A2.AVEBAR.2,AVEBAR,0.109
BP,4/22/23,A3.VICSAT.2,VICSAT,0.0492
BP,4/22/23,F3.VICSAT.2,VICSAT,0.0664
BP,4/22/23,F8.VICSAT.2,VICSAT,0.0445
BP,4/22/23,B1.VICSAT.2,VICSAT,0.0842
BP,4/22/23,B7.VICSAT.2,VICSAT,0.0755
BP,4/22/23,G1.VICSAT.2,VICSAT,0.0391
BP,4/22/23,G8.VICSAT.2,VICSAT,0.0716
BP,4/21/23,H8.AVEBAR.2,AVEBAR,0.084
BP,4/21/23,H7.AVEBAR.2,AVEBAR,0.0482
BP,4/21/23,H5.AVEBAR.2,AVEBAR,0.0838
BP,4/21/23,C7.AVEBAR.2,AVEBAR,0.0593
BP,4/21/23,C6.AVEBAR.2,AVEBAR,0.1203
BP,4/21/23,H3.AVEBAR.2,AVEBAR,0.0505
BP,4/21/23,H4.AVEBAR.2,AVEBAR,0.0283
BP, 2023-04-21,C4.AVEBAR.2,AVEBAR,0.0875
BP,4/21/23,C2.AVEBAR.1,AVEBAR,0.0959
BP,4/21/23,E4.AVEBAR.2,AVEBAR,0.0415
BP,4/21/23,E5.AVEBAR.2,AVEBAR,0.0649
BP,4/21/23,J7.AVEBAR.2,AVEBAR,0.1124
BP,4/21/23,J8.AVEBAR.2,AVEBAR,0.1747
BP,4/21/23,E6.AVEBAR.2,AVEBAR,0.089
BP,4/21/23,E7.AVEBAR.2,AVEBAR,0.133
BP,4/21/23,E8.AVEBAR.2,AVEBAR,0.1863
BP,4/21/23,J6.AVEBAR.2,AVEBAR,0.16
BP,4/21/23,J5.AVEBAR.2,AVEBAR,0.0488
BP,4/21/23,E2.AVEBAR.2,AVEBAR,0.0421
BP,4/21/23,J4.AVEBAR.2,AVEBAR,0.0514
BP,4/21/23,J3.AVEBAR.2,AVEBAR,0.1355
BP,4/21/23,D6.AVEBAR.2,AVEBAR,0.0198
BP,4/21/23,J1.AVEBAR.2,AVEBAR,0.1189
BP,4/21/23,I7.AVEBAR.2,AVEBAR,0.1312
BP,4/21/23,D5.AVEBAR.2,AVEBAR,0.0547
BP,4/21/23,D4.AVEBAR.2,AVEBAR,0.0553
BP,4/21/23,I4.AVEBAR.2,AVEBAR,0.1675
BP,4/21/23,I3.AVEBAR.2,AVEBAR,0.0789
BP,4/21/23,D3.AVEBAR.2,AVEBAR,0.0825
BP,4/21/23,D2.AVEBAR.2,AVEBAR,0.0552
BP,4/21/23,I2.AVEBAR.2,AVEBAR,0.1345
BP,4/21/23,I1.AVEBAR.2,AVEBAR,0.0394
BP,4/21/23,G8.AVEBAR.1,AVEBAR,0.0393
BP,4/21/23,H1.AVEBAR.2,AVEBAR,0.1585
BP,4/24/23,E4.LUPMIC.1,LUPMIC,0.0621
BP,4/24/23,F2.LUPMIC.1,LUPMIC,0.0047
BP,4/24/23,A4.LUPMIC.1,LUPMIC,0.0031
BP,4/24/23,J7.LUPMIC.1,LUPMIC,0.0107
LS,9/3/23,F6.CORFIL.2,CORFIL,0.0151
LS,9/3/23,A7.CORFIL.2,CORFIL,0.0356
LS,9/3/23,H1.CORFIL.1,CORFIL,0.014
LS,9/3/23,C2.CORFIL.2,CORFIL,0.0264
LS,9/3/23,D8.CORFIL.2,CORFIL,0.0265
LS,9/3/23,I2.CORFIL.2,CORFIL,0.0602
LS,9/3/23,E5.CORFIL.2,CORFIL,0.0198
LS,9/3/23,J5.CORFIL.2,CORFIL,0.035
LS,9/3/23,J8.CORFIL.2,CORFIL,0.0455
LS,9/3/23,E6.CORFIL.1,CORFIL,0.0571
LS,9/3/23,H8.CORFIL.1,CORFIL,0.0124
LS,9/3/23,A6.CORFIL.2,CORFIL,0.032
LS,9/3/23,B3.CORFIL.1,CORFIL,0.0464
LS,9/3/23,G3.CORFIL.2,CORFIL,0.0345
LS,9/3/23,B6.CORFIL.2,CORFIL,0.0488
LS,9/3/23,C1.HOLVIR.2,HOLVIR,0.0141
LS,9/3/23,I7.HOLVIR.1,HOLVIR,0.0093
LS,9/3/23,H4.HOLVIR.1,HOLVIR,0.0096
LS,9/3/23,B5.HOLVIR.2,HOLVIR,0.0241
LS,9/3/23,G5.HOLVIR.2,HOLVIR,0.0082
LS,9/3/23,F5.HOLVIR.2,HOLVIR,0.01
LS,9/3/23,A5.HOLVIR.1,HOLVIR,0.0237
LS,9/3/23,B2.HOLVIR.2,HOLVIR,0.0219
LS,9/3/23,A8.HOLVIR.1,HOLVIR,0.0105
LS,9/3/23,G2.HOLVIR.2,HOLVIR,0.0189
LS,9/3/23,H7.HOLVIR.1,HOLVIR,0.0185
LS,9/3/23,J3.HOLVIR.2,HOLVIR,0.0077
LS,9/3/23,D4.HOLVIR.2,HOLVIR,0.0239