Plant_ID,Species,Recorder,Bud_Date,Flower_Date,Notes
A1.ACMPAR.1,ACMPAR,CAM,NA,4/21/23,
A1.AIRCAR.1,AIRCAR,JBL,NA,5/4/23,
A1.BRODIA.1,BRODIA,JBL,5/8/23,5/22/23,
A1.BROHOR.1,BROHOR,HR,NA,4/29/23,
A1.CLAPUR.1,CLAPUR,,,,
A1.DANCAL.1,DANCAL,,,,
A1.DAUPUS.1,DAUPUS,AS,5/7/23,5/27/23,
A1.ESCCAL.1,ESCCAL,,,,
A1.GALPAR.1,GALPAR,AS,,5/18/23,
A1.HYPGLA.1,HYPGLA,HR,NA,5/10/23,
A1.MADGRA.1,MADGRA,AS,,9/1/23,
A1.SANBIP.1,SANBIP,,,,
A2.AMSMEN.1,AMSMEN,JBL,3/20/23,4/3/23,
A2.AVEBAR.1,AVEBAR,JBL,NA,5/5/23,
A2.BROARE.1,BROARE,JBL,NA,3/13/23,
A2.BRODIA.1,BRODIA,,,,
A2.BROMAD.1,BROMAD,AS,4/1/23,4/13/23,
A2.CAUCOU.1,CAUCOU,JBL,4/3/23,4/13/23,
A2.EROCIC.1,EROCIC,JBL,NA,3/6/23,
A2.ESCCAL.1,ESCCAL,,,,
A2.LUPMIC.1,LUPMIC,,,,
A2.LUPSUC.1,LUPSUC,,,,
A2.MIRMUL.1,MIRMUL,,,,
A2.PHATAN.1,PHATAN,,,,
A3.AVEBAR.1,AVEBAR,JBL,NA,4/13/23,
A3.BRODIA.1,BRODIA,CAM,4/13/23,5/8/23,
A3.BROHOR.1,BROHOR,MH,NA,5/16/23,
A3.CLAPUR.1,CLAPUR,,,,
A3.DAUPUS.1,DAUPUS,AS,4/13/23,5/27/23,
A3.EROBOT.1,EROBOT,AS,3/20/23,3/24/23,
A3.GERDIS.1,GERDIS,AS,,5/18/23,
A3.LUPBIC.1,LUPBIC,AS,,4/21/23,
A3.MADGRA.1,MADGRA,JBL,5/19/23,6/21/23,
A3.TORARV.1,TORARV,CAM,NA,5/18/23,
A3.TRIHIR.1,TRIHIR,,,,
A3.VICSAT.1,VICSAT,HR,NA,4/13/23,
A4.AMSMEN.1,AMSMEN,JBL,3/24/23,4/1/23,
A4.AVEBAR.1,AVEBAR,JBL,4/13/23,4/21/23,
A4.BROARE.1,BROARE,JBL,NA,6/11/23,
A4.BRODIA.1,BRODIA,JBL,4/13/23,4/21/23,
A4.BROMAD.1,BROMAD,AS,3/24/23,3/30/23,
A4.CAUCOU.1,CAUCOU,JBL,NA,3/20/23,
A4.EROCIC.1,EROCIC,JBL,4/1/23,4/8/23,
A4.ESCCAL.1,ESCCAL,JBL,3/24/23,3/30/23,
A4.LUPMIC.1,LUPMIC,,,,
A4.LUPSUC.1,LUPSUC,,,,
A4.MIRMUL.1,MIRMUL,,,,
A4.PHATAN.1,PHATAN,CAM,3/20/23,4/13/23,
A5.AVEBAR.1,AVEBAR,JBL,NA,4/21/23,
A5.BRODIA.1,BRODIA,JBL,4/21/23,5/8/23,
A5.BROHOR.1,BROHOR,MH,NA,5/16/23,
A5.BROMAD.1,BROMAD,5/17/23,4/13/23,4/21/23,
A5.CLAPUR.1,CLAPUR,,,,
A5.ELYCAP.1,ELYCAP,CAM,NA,5/10/23,
A5.EROBOT.1,EROBOT,,,,
A5.HOLVIR.1,HOLVIR,,,,
A5.LUPBIC.1,LUPBIC,,,,
A5.MICCAL.1,MICCAL,HR,NA,NA,No flowering date recorded
A5.PLAERE.1,PLAERE,CAM,3/20/23,4/13/23,
A5.TRIHIR.1,TRIHIR,JBL,NA,6/2/23,
A6.AVEFAT.1,AVEFAT,NA,NA,NA,
A6.BRODIA.1,BRODIA,JBL,4/1/23,4/3/23,
A6.BROHOR.1,BROHOR,MH,NA,5/16/23,
A6.BROMAD.1,BROMAD,,,,
A6.CALMEN.1,CALMEN,,,,
A6.CENMEL.1,CENMEL,CAM,NA,5/24/23,
A6.CORFIL.1,CORFIL,,,,
A6.EROCIC.1,EROCIC,JBL,NA,3/20/23,another bag with 5/10 found earlier 
A6.ESCCAL.1,ESCCAL,,,,
A6.MICCAL.1,MICCAL,HR,4/13/23,4/21/23,
A6.STIPUL.1,STIPUL,,,,
A7.AVEFAT.1,AVEFAT,JBL,NA,4/13/23,
A7.BRODIA.1,BRODIA,CAM,NA,4/1/23,
A7.BROHOR.1,BROHOR,MH,4/13/23,4/21/23,
A7.BROMAD.1,BROMAD,AS,4/1/23,4/13/23,
A7.CALMEN.1,CALMEN,,,,
A7.CENMEL.1,CENMEL,JBL,NA,5/24/23,
A7.CORFIL.1,CORFIL,,,,
A7.ESCCAL.1,ESCCAL,,,,
A7.MICCAL.1,MICCAL,HR,NA,4/21/23,
A7.STIPUL.1,STIPUL,,,,
A8.AVEBAR.1,AVEBAR,JBL,4/13/23,5/5/23,
A8.BRODIA.1,BRODIA,CAM,NA,5/8/23,
A8.BROHOR.1,BROHOR,MH,NA,5/16/23,
A8.BROMAD.1,BROMAD,AS,4/13/23,5/17/23,
A8.CLAPUR.1,CLAPUR,,,,
A8.ELYCAP.1,ELYCAP,CAM,5/10/23,5/26/23,
A8.EROBOT.1,EROBOT,JBL,NA,5/26/23,
A8.HOLVIR.1,HOLVIR,,,,
A8.LUPBIC.1,LUPBIC,AS,4/5/23,4/13/23,
A8.MICCAL.1,MICCAL,HR,NA,4/21/23,
A8.PLAERE.1,PLAERE,CAM,3/30/23,4/13/23,
A8.TRIHIR.1,TRIHIR,JBL,4/21/23,5/19/23,
B1.AVEBAR.1,AVEBAR,JBL,NA,4/24/23,
B1.BRODIA.1,BRODIA,HR,NA,5/8/23,
B1.BROHOR.1,BROHOR,MH,4/24/23,5/16/23,
B1.CLAPUR.1,CLAPUR,,,,
B1.DAUPUS.1,DAUPUS,AS,,5/7/23,
B1.EROBOT.1,EROBOT,,,,
B1.GERDIS.1,GERDIS,AS,4/8/23,4/12/23,
B1.LUPBIC.1,LUPBIC,AS,,4/24/23,
B1.MADGRA.1,MADGRA,AS,4/24/23,5/27/23,21 broken fls on 6/21/23
B1.TORARV.1,TORARV,CAM,,5/18/23,
B1.TRIHIR.1,TRIHIR,,,,
B1.VICSAT.1,VICSAT,HR,NA,4/24/23,
B2.AVEBAR.1,AVEBAR,JBL,NA,4/26/23,
B2.BRODIA.1,BRODIA,JBL,NA,4/24/23,
B2.BROHOR.1,BROHOR,MH,NA,5/16/23,
B2.BROMAD.1,BROMAD,AS,4/12/23,4/24/23,
B2.CLAPUR.1,CLAPUR,,,,
B2.ELYCAP.1,ELYCAP,JBL,5/10/23,5/26/23,
B2.EROBOT.1,EROBOT,,,,
B2.HOLVIR.1,HOLVIR,,,,
B2.LUPBIC.1,LUPBIC,AS,4/5/23,4/12/23,
B2.MICCAL.1,MICCAL,HR,NA,4/26/23,
B2.PLAERE.1,PLAERE,CAM,4/1/23,4/24/23,
B2.TRIHIR.1,TRIHIR,JBL,NA,6/2/23,"no envelope in one bag, found another larger bag with envelope later"
B3.AVEFAT.1,AVEFAT,NA,NA,NA,
B3.BRODIA.1,BRODIA,JBL,3/30/23,4/1/23,
B3.BROHOR.1,BROHOR,MH,4/12/23,4/26/23,
B3.BROMAD.1,BROMAD,AS,,3/30/23,
B3.CALMEN.1,CALMEN,JBL,NA,NA,
B3.CENMEL.1,CENMEL,JBL,NA,5/24/23,
B3.CORFIL.1,CORFIL,,,,
B3.EROCIC.1,EROCIC,JBL,NA,3/30/23,
B3.ESCCAL.1,ESCCAL,,,,
B3.MICCAL.1,MICCAL,HR,4/12/23,4/26/23,
B3.STIPUL.1,STIPUL,,,,
B4.ACMPAR.1,ACMPAR,NA,NA,NA,
B4.AIRCAR.1,AIRCAR,JBL,NA,5/15/23,
B4.BRODIA.1,BRODIA,CAM,NA,5/22/23,
B4.BROHOR.1,BROHOR,,,,
B4.CLAPUR.1,CLAPUR,,,,
B4.DANCAL.1,DANCAL,,,,
B4.DAUPUS.1,DAUPUS,AS,5/7/23,3/37/23,
B4.ESCCAL.1,ESCCAL,,,,
B4.GALPAR.1,GALPAR,AS,,4/26/23,
B4.HYPGLA.1,HYPGLA,HR,4/12/23,4/26/23,
B4.MADGRA.1,MADGRA,,,,
B4.SANBIP.1,SANBIP,,,,
B5.AVEBAR.1,AVEBAR,JBL,NA,4/12/23,
B5.BRODIA.1,BRODIA,CAM,NA,5/8/23,
B5.BROHOR.1,BROHOR,MH,NA,4/26/23,
B5.BROMAD.1,BROMAD,,,,
B5.CLAPUR.1,CLAPUR,,,,
B5.ELYCAP.1,ELYCAP,JBL,NA,5/10/23,
B5.EROBOT.1,EROBOT,AS,3/20/23,3/27/23,
B5.HOLVIR.1,HOLVIR,,,,
B5.LUPBIC.1,LUPBIC,AS,4/1/23,4/12/23,
B5.MICCAL.1,MICCAL,HR,4/12/23,4/26/23,
B5.PLAERE.1,PLAERE,CAM,4/5/23,4/8/23,
B5.TRIHIR.1,TRIHIR,JBL,NA,5/19/23,
B6.AVEFAT.1,AVEFAT,NA,NA,NA,
B6.BRODIA.1,BRODIA,CAM,4/1/23,4/12/23,
B6.BROHOR.1,BROHOR,MH,4/5/23,4/12/23,
B6.BROMAD.1,BROMAD,AS,,4/12/23,
B6.CALMEN.1,CALMEN,,,,
B6.CENMEL.1,CENMEL,CAM,NA,5/24/23,
B6.CORFIL.1,CORFIL,,,,
B6.EROCIC.1,EROCIC,JBL,NA,3/13/23,"there was another bag witha  date in may, this bag said whole plant bag not found yet on the fls bag, just put down the earliest date."
B6.ESCCAL.1,ESCCAL,,,,
B6.MICCAL.1,MICCAL,HR,NA,4/27/23,
B6.STIPUL.1,STIPUL,,,,
B7.AVEBAR.1-B1,AVEBAR,NA,NA,NA,
B7.BRODIA.1,BRODIA,CAM,NA,4/27/23,
B7.BROHOR.1,BROHOR,MH,NA,4/27/23,
B7.CLAPUR.1,CLAPUR,,,,
B7.DAUPUS.1,DAUPUS,AS,4/27/23,4/7/23,
B7.EROBOT.1,EROBOT,,,,
B7.GERDIS.1,GERDIS,AS,,3/30/23,
B7.LUPBIC.1,LUPBIC,,,,
B7.MADGRA.1,MADGRA,AS,,4/27/23,
B7.TORARV.1,TORARV,CAM,NA,6/2/23,
B7.TRIHIR.1,TRIHIR,,,,
B7.VICSAT.1,VICSAT,MH,NA,4/27/23,
B8.AMSMEN.1,AMSMEN,JBL,3/24/23,4/1/23,
B8.AVEBAR.1,AVEBAR,JBL,NA,4/27/23,
B8.BROARE.1,BROARE,JBL,NA,3/20/23,
B8.BRODIA.1,BRODIA,JBL,NA,4/27/23,
B8.BROMAD.1,BROMAD,AS,4/1/23,4/5/23,
B8.CAUCOU.1,CAUCOU,,,,
B8.EROCIC.1,EROCIC,JBL,NA,3/6/23,
B8.ESCCAL.1,ESCCAL,,,,
B8.LUPMIC.1,LUPMIC,,,,
B8.LUPSUC.1,LUPSUC,,,,
B8.MIRMUL.1,MIRMUL,,,,
B8.PHATAN.1,PHATAN,,,,
C1.AVEBAR.1,AVEBAR,JBL,4/12/23,5/5/23,
C1.BRODIA.1,BRODIA,CAM,NA,5/10/23,
C1.BROHOR.1,BROHOR,HR,NA,4/28/23,
C1.BROMAD.1,BROMAD,AS,4/12/23,4/28/23,
C1.CLAPUR.1,CLAPUR,,,,
C1.ELYCAP.1,ELYCAP,JBL,NA,5/10/23,
C1.EROBOT.1,EROBOT,,,,
C1.HOLVIR.1,HOLVIR,,,,
C1.LUPBIC.1,LUPBIC,AS,4/28/23,,
C1.MICCAL.1,MICCAL,HR,NA,4/28/23,
C1.PLAERE.1,PLAERE,CAM,4/12/23,4/28/23,
C1.TRIHIR.1,TRIHIR,JBL,4/28/23,5/19/23,
C2.AVEFAT.1,AVEFAT,JBL,NA,4/3/23,
C2.BRODIA.1,BRODIA,CAM,3/24/23,4/1/23,
C2.BROHOR.1,BROHOR,MH,NA,4/28/23,
C2.BROMAD.1,BROMAD,AS,3/24/23,4/1/23,
C2.CALMEN.1,CALMEN,JBL,NA,4/12/23,
C2.CENMEL.1,CENMEL,JBL,4/28/23,5/24/23,
C2.CORFIL.1,CORFIL,,,,
C2.EROCIC.1,EROCIC,,,,
C2.ESCCAL.1,ESCCAL,,,,
C2.MICCAL.1,MICCAL,HR,NA,4/28/23,
C2.STIPUL.1,STIPUL,,,,
C3.ACMPAR.1,ACMPAR,NA,NA,NA,
C3.AIRCAR.1,AIRCAR,JBL,NA,5/4/23,
C3.BRODIA.1,BRODIA,JBL,NA,5/22/23,
C3.BROHOR.1,BROHOR,HR,NA,5/17/23,
C3.CLAPUR.1,CLAPUR,,,,
C3.DANCAL.1,DANCAL,,,,
C3.DAUPUS.1-C8,DAUPUS,,,,
C3.ESCCAL.1,ESCCAL,,,,
C3.GALPAR.1,GALPAR,AS,5/18/23,5/31/23,
C3.HYPGLA.1,HYPGLA,HR,5/10/23,6/1/23,
C3.MADGRA.1,MADGRA,JBL,5/19/23,NA,
C3.SANBIP.1,SANBIP,,,,
C4.AVEBAR.1,AVEBAR,JBL,4/12/23,5/5/23,
C4.BRODIA.1,BRODIA,HR,NA,4/29/23,
C4.BROHOR.1,BROHOR,HR,NA,4/28/23,
C4.CLAPUR.1,CLAPUR,,,,
C4.DAUPUS.1,DAUPUS,AS,4/29/23,5/7/23,
C4.EROBOT.1,EROBOT,,,,
C4.GERDIS.1,GERDIS,AS,,4/12/23,
C4.LUPBIC.1,LUPBIC,,,,
C4.MADGRA.1,MADGRA,JBL,4/12/23,4/29/23,
C4.TORARV.1,TORARV,CAM,4/28/23,5/18/23,
C4.TRIHIR.1,TRIHIR,JBL,5/19/23,6/2/23,
C4.VICSAT.1,VICSAT,HR,4/12/23,4/29/23,
C5.AVEBAR.1,AVEBAR,NA,NA,NA,
C5.BRODIA.1,BRODIA,CAM,4/10/23,5/10/23,
C5.BROHOR.1,BROHOR,HR,4/29/23,5/17/23,
C5.CLAPUR.1,CLAPUR,,,,
C5.DAUPUS.1,DAUPUS,,4/29/23,5/7/23,
C5.EROBOT.1,EROBOT,AS,3/20/23,3/30/23,
C5.GERDIS.1,GERDIS,AS,3/20/23,3/30/23,
C5.LUPBIC.1,LUPBIC,AS,,,no dates on envelope
C5.MADGRA.1,MADGRA,AS,,4/29/23,
C5.TORARV.1,TORARV,,,,
C5.TRIHIR.1,TRIHIR,JBL,NA,6/21/23,
C5.VICSAT.1,VICSAT,HR,4/12/23,4/29/23,
C6.AMSMEN.1,AMSMEN,JBL,NA,NA,
C6.AVEBAR.1,AVEBAR,JBL,NA,4/8/23,
C6.BROARE.1,BROARE,JBL,NA,3/13/24,
C6.BRODIA.1,BRODIA,JBL,4/12/23,4/29/23,
C6.BROMAD.1,BROMAD,AS,4/1/23,4/8/23,
C6.CAUCOU.1,CAUCOU,,,,
C6.EROCIC.1,EROCIC,,,,
C6.ESCCAL.1,ESCCAL,,,,
C6.LUPMIC.1,LUPMIC,,,,
C6.LUPSUC.1,LUPSUC,,,,
C6.MIRMUL.1,MIRMUL,,,,
C6.PHATAN.1,PHATAN,CAM,3/20/23,4/5/23,
C7.AMSMEN.1,AMSMEN,JBL,NA,NA,
C7.AVEBAR.1,AVEBAR,JBL,NA,4/1/23,
C7.BROARE.1,BROARE,JBL,NA,3/13/23,
C7.BRODIA.1,BRODIA,CAM,NA,4/29/23,
C7.BROMAD.1,BROMAD,AS,3/24/23,4/3/23,
C7.CAUCOU.1,CAUCOU,,,,
C7.EROCIC.1,EROCIC,JBL,NA,NA,
C7.ESCCAL.1,ESCCAL,JBL,3/20/23,NA,
C7.LUPMIC.1,LUPMIC,AS,4/12/23,4/29/23,
C7.LUPSUC.1,LUPSUC,,,,
C7.MIRMUL.1,MIRMUL,,,,
C7.PHATAN.1,PHATAN,,,,
C8.ACMPAR.1,ACMPAR,NA,NA,NA,
C8.AIRCAR.1,AIRCAR,JBL,NA,4/29/23,
C8.BRODIA.1,BRODIA,JBL,NA,5/22/23,
C8.BROHOR.1,BROHOR,HR,NA,5/23/23,
C8.CLAPUR.1,CLAPUR,,,,
C8.DANCAL.1,DANCAL,,,,
C8.DAUPUS.1,DAUPUS,AS,4/29/23,5/7/23,
C8.ESCCAL.1,ESCCAL,,,,
C8.GALPAR.1,GALPAR,,,,
C8.HYPGLA.1,HYPGLA,HR,NA,4/29/23,
C8.MADGRA.1,MADGRA,,,,
C8.SANBIP.1,SANBIP,,,,
D1.ACMPAR.1,ACMPAR,NA,NA,NA,
D1.AIRCAR.1,AIRCAR,JBL,4/24/23,5/4/23,
D1.BRODIA.1,BRODIA,JBL,NA,5/22/23,
D1.BROHOR.1,BROHOR,MH,NA,5/17/23,
D1.CLAPUR.1,CLAPUR,,,,
D1.DANCAL.1,DANCAL,,,,
D1.DAUPUS.1,DAUPUS,,,,
D1.ESCCAL.1,ESCCAL,,,,
D1.GALPAR.1,GALPAR,,,,
D1.HYPGLA.1,HYPGLA,HR,4/24/23,6/1/23,
D1.MADGRA.1,MADGRA,JBL,NA,5/21/23,
D1.SANBIP.1,SANBIP,,,,
D2.AVEBAR.1,AVEBAR,JBL,4/24/23,6/7/23,
D2.BRODIA.1,BRODIA,CAM,4/24/23,5/10/23,
D2.BROHOR.1,BROHOR,HR,NA,5/17/23,
D2.CLAPUR.1,CLAPUR,,,,
D2.DAUPUS.1,DAUPUS,AS,5/7/23,5/31/23,
D2.EROBOT.1,EROBOT,,,,
D2.GERDIS.1,GERDIS,AS,,4/12/23,
D2.LUPBIC.1,LUPBIC,,,,
D2.MADGRA.1,MADGRA,AS,4/29/23,5/21/23,
D2.TORARV.1,TORARV,CAM,NA,5/18/23,
D2.TRIHIR.1,TRIHIR,,NA,4/16/23,"two bags taped together, one said B2 one said P2"
D2.VICSAT.1,VICSAT,MH,NA,4/12/23,
D3.AMSMEN.1,AMSMEN,JBL,NA,NA,
D3.AVEBAR.1,AVEBAR,NA,NA,NA,
D3.BROARE.1,BROARE,JBL,NA,3/30/23,
D3.BRODIA.1,BRODIA,JBL,4/24/23,5/10/23,
D3.BROMAD.1,BROMAD,AS,4/12/23,4/24/23,
D3.CAUCOU.1,CAUCOU,,,,
D3.EROCIC.1,EROCIC,JBL,4/12/23,4/24/23,
D3.ESCCAL.1,ESCCAL,JBL,NA,NA,
D3.LUPMIC.1,LUPMIC,,,,
D3.LUPSUC.1,LUPSUC,,,,
D3.MIRMUL.1,MIRMUL,,,,
D3.PHATAN.1,PHATAN,CAM,NA,5/11/23,
D4.AVEBAR.1,AVEBAR,JBL,NA,6/7/23,
D4.BRODIA.1,BRODIA,JBL,4/23/23,5/10/23,bud date said 2024 but I assume that's a mistake
D4.BROHOR.1,BROHOR,MH,4/24/23,5/17/23,
D4.BROMAD.1,BROMAD,AS,4/23/23,5/17/23,
D4.CLAPUR.1,CLAPUR,,,,
D4.ELYCAP.1,ELYCAP,CAM,5/10/23,5/26/23,
D4.EROBOT.1,EROBOT,,,,
D4.HOLVIR.1,HOLVIR,,,,
D4.LUPBIC.1,LUPBIC,,,,
D4.MICCAL.1,MICCAL,HR,NA,4/24/23,
D4.PLAERE.1,PLAERE,CAM,4/13/23,4/24/23,
D4.TRIHIR.1,TRIHIR,JBL,4/24/23,5/19/24,
D5.AMSMEN.1,AMSMEN,JBL,NA,NA,
D5.AVEBAR.1,AVEBAR,JBL,NA,4/24/23,
D5.BROARE.1,BROARE,JBL,NA,3/24/23,
D5.BRODIA.1,BRODIA,JBL,4/24/23,5/10/23,
D5.BROMAD.1,BROMAD,AS,4/1/23,4/12/23,
D5.CAUCOU.1,CAUCOU,,,,
D5.EROCIC.1,EROCIC,,,,
D5.ESCCAL.1,ESCCAL,,,,
D5.LUPMIC.1,LUPMIC,JBL,4/5/23,4/24/23,
D5.LUPSUC.1,LUPSUC,,,,
D5.MIRMUL.1,MIRMUL,,,,
D5.PHATAN.1,PHATAN,CAM,NA,5/1/23,
D6.AVEBAR.1,AVEBAR,JBL,4/24/23,6/7/23,
D6.BRODIA.1,BRODIA,HR,4/29/23,5/10/23,
D6.BROHOR.1,BROHOR,,,,
D6.CLAPUR.1,CLAPUR,,,,
D6.DAUPUS.1,DAUPUS,AS,5/7/23,5/31/23,
D6.EROBOT.1,EROBOT,,,,
D6.GERDIS.1,GERDIS,AS,4/8/23,4/12/23,
D6.LUPBIC.1,LUPBIC,AS,,5/11/23,
D6.MADGRA.1,MADGRA,JBL,NA,5/21/23,
D6.TORARV.1,TORARV,CAM,NA,5/18/23,
D6.TRIHIR.1,TRIHIR,JBL,NA,5/19/23,
D6.VICSAT.1,VICSAT,HR,NA,4/24/23,
D7.AVEFAT.1,AVEFAT,JBL,NA,4/24/23,
D7.BRODIA.1,BRODIA,CAM,4/1/23,4/8/23,
D7.BROHOR.1,BROHOR,,,,
D7.BROMAD.1,BROMAD,AS,4/12/23,4/24/23,
D7.CALMEN.1,CALMEN,,,,
D7.CENMEL.1,CENMEL,JBL,NA,5/24/23,
D7.CORFIL.1,CORFIL,,,,
D7.EROCIC.1,EROCIC,,,,
D7.ESCCAL.1,ESCCAL,,,,
D7.MICCAL.1,MICCAL,HR,NA,4/25/23,
D7.STIPUL.1,STIPUL,,,,
D8.AVEFAT.1,AVEFAT,NA,NA,NA,
D8.BRODIA.1,BRODIA,JBL,4/1/23,4/12/23,
D8.BROHOR.1,BROHOR,MH,NA,4/24/23,
D8.BROMAD.1,BROMAD,AS,4/12/23,4/24/23,
D8.CALMEN.1,CALMEN,,,,
D8.CENMEL.1,CENMEL,CAM,NA,5/24/23,
D8.CORFIL.1,CORFIL,,,,
D8.EROCIC.1,EROCIC,,,,
D8.ESCCAL.1,ESCCAL,,,,
D8.MICCAL.1,MICCAL,JBL,NA,NA,Not present
D8.STIPUL.1,STIPUL,,,,
E1.ACMPAR.1,ACMPAR,NA,NA,NA,
E1.AIRCAR.1,AIRCAR,JBL,NA,5/4/23,
E1.BRODIA.1,BRODIA,JBL,NA,5/23/23,
E1.BROHOR.1,BROHOR,MH,NA,5/17/23,
E1.CLAPUR.1,CLAPUR,,,,
E1.DANCAL.1,DANCAL,,,,
E1.DAUPUS.1,DAUPUS,AS,5/7/23,5/31/23,
E1.ESCCAL.1,ESCCAL,,,,
E1.GALPAR.1,GALPAR,AS,,5/18/23,
E1.HYPGLA.1,HYPGLA,HR,4/29/23,,
E1.MADGRA.1,MADGRA,AS,5/21/23,,No flowering date recorded
E1.SANBIP.1,SANBIP,,,,
E2.AMSMEN.1,AMSMEN,JBL,NA,NA,
E2.AVEBAR.1,AVEBAR,JBL,4/13/23,4/29/23,
E2.BROARE.1,BROARE,JBL,NA,3/24/23,
E2.BRODIA.1,BRODIA,CAM,NA,4/29/23,
E2.BROMAD.1,BROMAD,AS,4/1/23,4/13/23,
E2.CAUCOU.1,CAUCOU,,,,
E2.EROCIC.1,EROCIC,JBL,NA,4/29/24,
E2.ESCCAL.1,ESCCAL,,,,
E2.LUPMIC.1,LUPMIC,AS,4/1/23,4/29/23,
E2.LUPSUC.1,LUPSUC,,,,
E2.MIRMUL.1,MIRMUL,,,,
E2.PHATAN.1A,PHATAN,CAM,4/1/23,4/13/23,
E2.PHATAN.1B,PHATAN,,,,
E3.ACMPAR.1,ACMPAR,NA,NA,NA,
E3.AIRCAR.1,AIRCAR,JBL,4/29/23,5/4/23,
E3.BRODIA.1,BRODIA,HR,NA,5/23/23,
E3.BROHOR.1,BROHOR,MH,4/29/23,5/17/23,
E3.CLAPUR.1,CLAPUR,,,,
E3.DANCAL.1,DANCAL,,,,
E3.DAUPUS.1,DAUPUS,AS,,5/31/23,
E3.ESCCAL.1,ESCCAL,,,,
E3.GALPAR.1,GALPAR,AS,,4/29/23,
E3.HYPGLA.1,HYPGLA,HR,4/13/23,4/29/23,
E3.MADGRA.1,MADGRA,JBL,NA,5/21/23,
E3.SANBIP.1,SANBIP,,,,
E4.AMSMEN.1,AMSMEN,JBL,NA,NA,
E4.AVEBAR.1,AVEBAR,JBL,4/13/23,4/29/23,
E4.BROARE.1,BROARE,JBL,NA,3/20/23,
E4.BRODIA.1,BRODIA,JBL,NA,5/10/23,
E4.BROMAD.1,BROMAD,AS,4/1/23,4/13/23,
E4.CAUCOU.1,CAUCOU,,,,
E4.EROCIC.1,EROCIC,,,,
E4.ESCCAL.1,ESCCAL,,,,
E4.LUPMIC.1,LUPMIC,JBL,4/29/23,5/18/23,
E4.LUPSUC.1,LUPSUC,,,,
E4.MIRMUL.1,MIRMUL,,,,
E4.PHATAN.1-E2,PHATAN,,,,
E5.AVEFAT.1,AVEFAT,JBL,NA,4/13/23,
E5.BRODIA.1,BRODIA,CAM,4/1/23,4/8/23,
E5.BROHOR.1,BROHOR,HR,NA,5/16/23,
E5.BROMAD.1,BROMAD,AS,4/13/23,4/29/23,
E5.CALMEN.1,CALMEN,,,,
E5.CENMEL.1,CENMEL,CAM,NA,5/24/23,
E5.CORFIL.1,CORFIL,,,,
E5.EROCIC.1,EROCIC,JBL,4/1/23,4/13/23,
E5.ESCCAL.1,ESCCAL,,,,
E5.MICCAL.1,MICCAL,HR,NA,4/29/23,
E5.STIPUL.1,STIPUL,,,,
E6.AVEFAT.1,AVEFAT,NA,NA,NA,
E6.BRODIA.1,BRODIA,CAM,4/1/23,4/13/23,
E6.BROHOR.1,BROHOR,,,,
E6.BROMAD.1,BROMAD,AS,,5/17/23,
E6.CALMEN.1,CALMEN,JBL,NA,4/13/23,
E6.CENMEL.1,CENMEL,CAM,NA,5/24/23,
E6.CORFIL.1,CORFIL,,,,
E6.EROCIC.1,EROCIC,JBL,NA,4/13/23,
E6.ESCCAL.1,ESCCAL,,,,
E6.MICCAL.1,MICCAL,HR,NA,4/29/23,
E6.STIPUL.1,STIPUL,,,,
E7.AVEBAR.1,AVEBAR,JBL,NA,5/21/23,
E7.BRODIA.1,BRODIA,JBL,4/30/23,5/10/23,
E7.BROHOR.1,BROHOR,HR,4/30/23,5/17/23,
E7.BROMAD.1,BROMAD,AS,,4/30/23,
E7.CLAPUR.1,CLAPUR,,,,
E7.ELYCAP.1,ELYCAP,CAM,NA,5/26/23,
E7.EROBOT.1,EROBOT,MH,NA,NA,
E7.HOLVIR.1,HOLVIR,,,,
E7.LUPBIC.1,LUPBIC,AS,4/13/23,4/30/23,
E7.MICCAL.1,MICCAL,HR,NA,4/30/23,
E7.PLAERE.1,PLAERE,CAM,4/13/23,4/24/23,
E7.TRIHIR.1,TRIHIR,JBL,NA,4/30/23,
E8.AVEBAR.1,AVEBAR,JBL,4/30/23,5/21/23,
E8.BRODIA.1,BRODIA,CAM,NA,4/30/23,
E8.BROHOR.1,BROHOR,HR,NA,4/29/23,
E8.CLAPUR.1,CLAPUR,,,,
E8.DAUPUS.1,DAUPUS,AS,5/7/23,5/31/23,
E8.EROBOT.1,EROBOT,HR,4/13/23,5/26/23,bud date was from another bag 
E8.GERDIS.1,GERDIS,AS,,4/13/23,
E8.LUPBIC.1,LUPBIC,AS,5/11/23,,
E8.MADGRA.1,MADGRA,AS,4/30/23,NA,No flowering date recorded
E8.TORARV.1,TORARV,CAM,NA,5/18/23,
E8.TRIHIR.1,TRIHIR,,,,
E8.VICSAT.1,VICSAT,MH,NA,4/30/23,
F1.ACMPAR.1,ACMPAR,NA,NA,NA,
F1.AIRCAR.1,AIRCAR,JBL,NA,5/4/23,
F1.BRODIA.1,BRODIA,HR,NA,5/15/23,
F1.BROHOR.1,BROHOR,MH,NA,6/12/23,
F1.CLAPUR.1,CLAPUR,,,,
F1.DANCAL.1,DANCAL,,,,
F1.DAUPUS.1,DAUPUS,AS,,5/31/23,
F1.ESCCAL.1,ESCCAL,,,,
F1.GALPAR.1,GALPAR,AS,,5/18/23,
F1.HYPGLA.1,HYPGLA,HR,NA,5/10/23,
F1.MADGRA.1,MADGRA,AS,,5/27/23,
F1.SANBIP.1,SANBIP,,,,
F2.AMSMEN.1,AMSMEN,NA,NA,NA,
F2.AVEBAR.1,AVEBAR,JBL,NA,6/7/23,
F2.BROARE.1,BROARE,JBL,NA,3/24/23,
F2.BRODIA.1,BRODIA,HR,4/22/23,5/15/23,
F2.BROMAD.1,BROMAD,AS,4/3/23,4/22/23,
F2.CAUCOU.1,CAUCOU,,,,
F2.EROCIC.1,EROCIC,JBL,4/1/23,4/3/23,
F2.ESCCAL.1,ESCCAL,,,,
F2.LUPMIC.1,LUPMIC,,,,
F2.LUPSUC.1,LUPSUC,JBL,NA,4/22/23,
F2.MIRMUL.1,MIRMUL,,,,
F2.PHATAN.1,PHATAN,,,,
F3.AVEBAR.1,AVEBAR,,,,
F3.BRODIA.1,BRODIA,JBL,4/22/23,5/15/23,
F3.BROHOR.1,BROHOR,HR,NA,5/16/23,
F3.CLAPUR.1,CLAPUR,,,,
F3.DAUPUS.1,DAUPUS,AS,5/7/23,6/31/23,"has a ""? after ""inbud"" on envelope"
F3.EROBOT.1,EROBOT,AS,,6/13/23,
F3.GERDIS.1,GERDIS,AS,4/13/23,4/22/23,
F3.LUPBIC.1,LUPBIC,AS,,5/11/23,
F3.MADGRA.1,MADGRA,AS,,5/22/23,
F3.TORARV.1,TORARV,CAM,NA,5/18/23,
F3.TRIHIR.1,TRIHIR,JBL,NA,6/21/23,
F3.VICSAT.1,VICSAT,MH,NA,4/22/23,
F4.AVEBAR.1,AVEBAR,JBL,4/13/23,5/6/23,
F4.BRODIA.1,BRODIA,HR,NA,5/15/23,
F4.BROHOR.1,BROHOR,MH,NA,5/16/23,
F4.BROMAD.1,BROMAD,AS,4/13/23,5/17/23,
F4.CLAPUR.1,CLAPUR,,,,
F4.ELYCAP.1,ELYCAP,CAM,5/10/23,5/26/23,
F4.EROBOT.1,EROBOT,,,,
F4.HOLVIR.1,HOLVIR,,,,
F4.LUPBIC.1,LUPBIC,AS,4/22/23,5/11/23,
F4.MICCAL.1,MICCAL,JBL,NA,NA,Not present
F4.PLAERE.1,PLAERE,CAM,4/1/23,5/11/23,
F4.TRIHIR.1,TRIHIR,JBL,NA,5/19/23,
F5.AVEBAR.1,AVEBAR,JBL,NA,5/6/23,
F5.BRODIA.1,BRODIA,JBL,NA,5/15/23,
F5.BROHOR.1,BROHOR,HR,NA,5/16/23,
F5.BROMAD.1,BROMAD,AS,4/13/23,5/17/23,
F5.CLAPUR.1,CLAPUR,,,,
F5.ELYCAP.1,ELYCAP,JBL,NA,5/26/23,
F5.EROBOT.1,EROBOT,,,,
F5.HOLVIR.1,HOLVIR,,,,
F5.LUPBIC.1,LUPBIC,AS,,5/11/23,
F5.MICCAL.1,MICCAL,HR,4/22/23,NA,
F5.PLAERE.1,PLAERE,CAM,4/1/23,4/13/23,
F5.TRIHIR.1,TRIHIR,JBL,NA,5/19/23,
F6.AVEFAT.1,AVEFAT,JBL,5/6/23,6/7/23,
F6.BRODIA.1,BRODIA,JBL,3/30/23,4/13/23,
F6.BROHOR.1,BROHOR,HR,NA,5/16/23,
F6.BROMAD.1,BROMAD,AS,,5/17/23,
F6.CALMEN.1,CALMEN,,,,
F6.CENMEL.1,CENMEL,CAM,NA,5/24/23,
F6.CORFIL.1,CORFIL,,,,
F6.EROCIC.1,EROCIC,JBL,NA,3/30/23,
F6.ESCCAL.1,ESCCAL,,,,
F6.MICCAL.1,MICCAL,HR,4/13/23,4/22/23,
F6.STIPUL.1,STIPUL,,,,
F7.AMSMEN.1,AMSMEN,JBL,NA,NA,
F7.AVEBAR.1,AVEBAR,JBL,NA,4/22/23,
F7.BROARE.1,BROARE,JBL,NA,4/1/23,
F7.BRODIA.1,BRODIA,JBL,NA,5/15/23,
F7.BROMAD.1,BROMAD,AS,4/13/23,4/22/23,
F7.CAUCOU.1,CAUCOU,,,,
F7.EROCIC.1,EROCIC,,,,
F7.ESCCAL.1,ESCCAL,,,,
F7.LUPMIC.1,LUPMIC,JBL,4/13/23,5/11/23,
F7.LUPSUC.1,LUPSUC,,,,
F7.MIRMUL.1,MIRMUL,,,,
F7.PHATAN.1,PHATAN,CAM,NA,NA,
F8.AVEBAR.1,AVEBAR,JBL,NA,6/7/23,
F8.BRODIA.1,BRODIA,HR,4/22/23,5/15/23,
F8.BROHOR.1,BROHOR,MH,NA,5/16/23,
F8.CLAPUR.1,CLAPUR,,,,
F8.DAUPUS.1,DAUPUS,AS,5/7/23,5/31/23,
F8.EROBOT.1,EROBOT,JBL,NA,4/1/23,
F8.EROCIC.1,EROCIC,,,,
F8.GERDIS.1,GERDIS,AS,4/5/23,4/22/23,
F8.LUPBIC.1,LUPBIC,AS,,5/19/23,
F8.MADGRA.1,MADGRA,AS,,6/2/23,
F8.TORARV.1,TORARV,CAM,NA,5/18/23,
F8.TRIHIR.1,TRIHIR,JBL,NA,6/21/23,
F8.VICSAT.1,VICSAT,HR,NA,4/22/23,
G1.AVEBAR.1,AVEBAR,JBL,4/27/23,5/21/23,
G1.BRODIA.1,BRODIA,JBL,NA,5/15/23,
G1.BROHOR.1,BROHOR,HR,NA,5/17/23,
G1.CLAPUR.1,CLAPUR,,,,
G1.DAUPUS.1,DAUPUS,AS,5/7/23,5/31/23,
G1.EROBOT.1,EROBOT,,,,
G1.GERDIS.1,GERDIS,AS,4/12/23,4/27/23,
G1.LUPBIC.1,LUPBIC,AS,,5/11/23,
G1.MADGRA.1,MADGRA,AS,,5/27/23,
G1.TORARV.1,TORARV,CAM,NA,5/18/23,
G1.TRIHIR.1,TRIHIR,,,,
G1.VICSAT.1,VICSAT,MH,NA,4/12/23,
G2.AVEBAR.1,AVEBAR,JBL,NA,4/24/23,
G2.BRODIA.1,BRODIA,,,,
G2.BROHOR.1,BROHOR,MH,4/24/23,5/17/23,
G2.BROMAD.1,BROMAD,AS,,5/17/23,
G2.CLAPUR.1,CLAPUR,,,,
G2.ELYCAP.1,ELYCAP,JBL,5/10/23,5/26/23,
G2.EROBOT.1,EROBOT,,,,
G2.HOLVIR.1,HOLVIR,,,,
G2.LUPBIC.1,LUPBIC,AS,4/3/23,4/12/23,
G2.MICCAL.1,MICCAL,HR,NA,4/24/23,
G2.PLAERE.1,PLAERE,CAM,4/3/23,4/24/23,
G2.TRIHIR.1,TRIHIR,JBL,4/24/23,5/19/23,
G3.AVEFAT.1,AVEFAT,JBL,NA,4/27/23,
G3.AVEFAT.1,AVEFAT,JBL,NA,6/7/23,
G3.BRODIA.1,BRODIA,CAM,4/1/23,4/3/23,
G3.BROHOR.1,BROHOR,HR,NA,5/17/23,
G3.BROMAD.1,BROMAD,AS,,4/12/23,
G3.CALMEN..1,CALMEN,,,,
G3.CENMEL.1,CENMEL,JBL,NA,5/24/23,
G3.CORFIL.1,CORFIL,,,,
G3.EROCIC.1,EROCIC,JBL,NA,3/20/23,
G3.ESCCAL.1,ESCCAL,,,,
G3.MICCAL.1,MICCAL,HR,NA,4/27/23,
G3.STIPUL.1,STIPUL,,,,
G4.AMSMEN.1,AMSMEN,JBL,4/3/23,4/8/23,
G4.AVEBAR.1,AVEBAR,JBL,NA,4/27/23,
G4.BROARE.1,BROARE,JBL,NA,3/20/23,
G4.BRODIA.1,BRODIA,CAM,NA,4/27/23,
G4.BROMAD.1,BROMAD,AS,4/3/23,4/12/23,
G4.CAUCOU.1,CAUCOU,,,,
G4.EROCIC.1,EROCIC,JBL,NA,4/1/23,
G4.ESCCAL.1,ESCCAL,,,,
G4.LUPMIC.1,LUPMIC,,,,
G4.LUPSUC.1,LUPSUC,,,,
G4.MIRMUL.1,MIRMUL,,,,
G4.PHATAN.1,PHATAN,CAM,3/24/23,4/12/23,
G5.AVEBAR.1,AVEBAR,JBL,NA,5/21/23,
G5.BRODIA.1,BRODIA,JBL,4/27/23,5/15/23,
G5.BROHOR.1,BROHOR,MH,4/27/23,5/17/23,
G5.BROMAD.1,BROMAD,AS,4/12/23,4/27/23,
G5.CLAPUR.1,CLAPUR,,,,
G5.DAUPUS.1,DAUPUS,,,,
G5.ELYCAP.1,ELYCAP,CAM,5/10/23,5/26/23,
G5.EROBOT.1,EROBOT,HR,4/1/23,4/3/23,
G5.EROCIC.1,EROCIC,,,,
G5.HOLVIR.1,HOLVIR,,,,
G5.LUPMIC.1,LUPMIC,,,,
G5.MICCAL.1,MICCAL,HR,NA,4/27/23,
G5.PLAERE.1,PLAERE,CAM,4/3/23,4/24/23,
G5.TRIHIR.1,TRIHIR,JBL,4/27/23,5/19/23,
G6.ACMPAR.1,ACMPAR,CAM,NA,4/28/23,
G6.AIRCAR.1,AIRCAR,NA,NA,NA,
G6.BRODIA.1,BRODIA,JBL,NA,5/15/23,
G6.BROHOR.1,BROHOR,MH,NA,5/24/23,
G6.CLAPUR.1,CLAPUR,,,,
G6.DANCAL.1,DANCAL,,,,
G6.DAUPUS.1,DAUPUS,,,,
G6.ESCCAL.1,ESCCAL,,,,
G6.GALPAR.1,GALPAR,AS,,5/18/23,
G6.HYPGLA.1,HYPGLA,HR,4/28/23,5/10/23,
G6.MADGRA.1,MADGRA,,,,
G6.SANBIP.1,SANBIP,,,,
G7.ACMPAR.1,ACMPAR,NA,NA,NA,
G7.AIRCAR.1,AIRCAR,JBL,NA,4/28/23,
G7.BRODIA.1,BRODIA,JBL,NA,5/23/23,
G7.BROHOR.1,BROHOR,MH,NA,5/17/23,
G7.CLAPUR.1,CLAPUR,,,,
G7.DANCAL.1,DANCAL,,,,
G7.DAUPUS.1,DAUPUS,AS,4/28/23,5/7/23,
G7.ESCCAL.1,ESCCAL,,,,
G7.GALPAR.1,GALPAR,AS,,5/18/23,
G7.HYPGLA.1,HYPGLA,HR,4/5/23,4/28/23,
G7.MADGRA.1,MADGRA,JBL,5/28/23,6/2/23,
G7.SANBIP.1,SANBIP,,,,
G8.AVEBAR.1,AVEBAR,JBL,NA,6/7/23,
G8.BRODIA.1,BRODIA,CAM,NA,4/28/23,
G8.BROHOR.1,BROHOR,HR,NA,5/17/23,
G8.CLAPUR.1,CLAPUR,,,,
G8.DAUPUS.1,DAUPUS,AS,,5/31/23,
G8.EROBOT.1,EROBOT,JBL,NA,4/30/23,
G8.GERDIS.1,GERDIS,AS,4/3/23,4/12/23,
G8.LUPBIC.1,LUPBIC,AS,,5/11/23,
G8.MADGRA.1,MADGRA,JBL,NA,5/28/23,
G8.TORARV.1,TORARV,CAM,NA,6/2/23,
G8.TRIHIR.1,TRIHIR,JBL,4/28/23,5/29/23,
G8.VICSAT.1,VICSAT,MH,4/12/23,4/28/23,
H1.AVEFAT.1,AVEFAT,JBL,NA,4/13/23,
H1.BRODIA.1,BRODIA,HR,4/1/23,4/3/23,
H1.BROHOR.1,BROHOR,MH,NA,5/17/23,
H1.BROMAD.1,BROMAD,AS,,4/22/23,
H1.CALMEN.1,CALMEN,,,,
H1.CENMEL.1,CENMEL,JBL,NA,5/24/23,
H1.CORFIL.1,CORFIL,,,,
H1.EROCIC.1,EROCIC,JBL,4/1/23,4/3/23,
H1.ESCCAL.1,ESCCAL,,,,
H1.MICCAL.1,MICCAL,HR,NA,4/22/23,
H1.STIPUL.1,STIPUL,,,,
H2.ACMPAR.1,ACMPAR,NA,NA,NA,
H2.AIRCAR.1,AIRCAR,NA,NA,NA,
H2.BRODIA.1,BRODIA,CAM,NA,5/23/23,
H2.BROHOR.1,BROHOR,HR,NA,5/17/23,
H2.CLAPUR.1,CLAPUR,,,,
H2.DANCAL.1,DANCAL,,,,
H2.DAUPUS.1,DAUPUS,AS,,5/7/23,
H2.ESCCAL.1,ESCCAL,,,,
H2.GALPAR.1,GALPAR,AS,,5/18/23,
H2.HYPGLA.1,HYPGLA,HR,NA,6/1/23,
H2.MADGRA.1,MADGRA,JBL,NA,5/28/23,
H2.SANBIP.1,SANBIP,,,,
H3.AMSMEN.1,AMSMEN,JBL,NA,NA,
H3.AVEBAR.1,AVEBAR,JBL,NA,4/13/23,
H3.BROARE.1,BROARE,JBL,NA,3/24/23,
H3.BRODIA.1,BRODIA,CAM,4/22/23,5/15/23,
H3.BROMAD.1,BROMAD,AS,,4/22/23,
H3.CAUCOU.1,CAUCOU,,,,
H3.EROCIC.1,EROCIC,JBL,NA,5/31/23,
H3.ESCCAL.1,ESCCAL,,,,
H3.LUPMIC.1,LUPMIC,,,,
H3.LUPSUC.1,LUPSUC,,,,
H3.MIRMUL.1,MIRMUL,,,,
H3.PHATAN.1,PHATAN,CAM,4/1/23,NA,
H4.AVEBAR.1,AVEBAR,JBL,NA,5/6/23,
H4.AVEFAT.1,AVEFAT,JBL,NA,5/21/23,
H4.BRODIA.1,BRODIA,CAM,NA,5/15/23,
H4.BROHOR.1,BROHOR,MH,NA,5/17/23,
H4.BROMAD.1,BROMAD,AS,4/22/23,5/17/23,
H4.CLAPUR.1,CLAPUR,,,,
H4.ELYCAP.1,ELYCAP,CAM,5/10/23,5/26/23,
H4.EROBOT.1,EROBOT,,,,
H4.HOLVIR.1,HOLVIR,,,,
H4.LUPBIC.1,LUPBIC,AS,,,no fl or bud dates
H4.MICCAL.1,MICCAL,HR,NA,4/22/23,
H4.PLAERE.1,PLAERE,CAM,4/1/23,5/11/23,
H4.TRIHIR.1,TRIHIR,JBL,4/22/23,5/19/23,
H5.AVEBAR.1,AVEBAR,JBL,NA,5/6/23,"two bags, same dates?"
H5.BRODIA.1,BRODIA,CAM,NA,5/15/23,
H5.BROHOR.1,BROHOR,MH,NA,5/17/23,
H5.CLAPUR.1,CLAPUR,,,,
H5.DAUPUS.1,DAUPUS,,,,
H5.EROBOT.1,EROBOT,,,,
H5.GERDIS.1,GERDIS,AS,4/1/23,4/13/23,
H5.LUPBIC.1,LUPBIC,,,,
H5.MADGRA.1,MADGRA,JBL,NA,5/19/23,
H5.TORARV.1,TORARV,CAM,NA,6/2/23,
H5.TRIHIR.1,TRIHIR,,,,
H5.VICSAT.1,VICSAT,MH,NA,NA,
H6.ACMPAR.1,ACMPAR,NA,NA,NA,
H6.AIRCAR.1,AIRCAR,JBL,NA,5/4/23,
H6.BRODIA.1,BRODIA,HR,NA,5/23/23,
H6.BROHOR.1,BROHOR,MH,NA,5/17/23,
H6.CLAPUR.1,CLAPUR,,,,
H6.DANCAL.1,DANCAL,,,,
H6.DAUPUS.1,DAUPUS,AS,5/7/23,5/31/23,
H6.ESCCAL.1,ESCCAL,,,,
H6.GALPAR.1,GALPAR,AS,,5/18/23,
H6.HYPGLA.1,HYPGLA,HR,4/13/23,4/22/23,
H6.MADGRA.1,MADGRA,AS,,5/28/23,
H6.SANBIP.1,SANBIP,,,,
H7.AVEBAR.1,AVEBAR,JBL,4/13/23,5/6/23,
H7.BRODIA.1,BRODIA,CAM,NA,5/15/23,
H7.BROHOR.1,BROHOR,MH,NA,5/17/23,
H7.BROMAD.1,BROMAD,AS,4/22/23,5/17/23,
H7.CLAPUR.1,CLAPUR,,,,
H7.ELYCAP.1,ELYCAP,CAM,NA,5/26/23,
H7.EROBOT.1,EROBOT,HR,NA,4/22/23,
H7.HOLVIR.1,HOLVIR,,,,
H7.LUPBIC.1,LUPBIC,,,,
H7.MICCAL.1,MICCAL,HR,NA,NA,No flowering date recorded
H7.PLAERE.1,PLAERE,CAM,4/13/23,4/22/23,
H7.TRIHIR.1,TRIHIR,,,,
H8.AVEFAT.1,AVEFAT,JBL,NA,5/6/23,
H8.BRODIA.1,BRODIA,JBL,3/30/23,4/8/23,
H8.BROHOR.1,BROHOR,MH,4/13/23,4/22/23,
H8.BROMAD.1,BROMAD,AS,,4/13/23,
H8.CALMEN.1,CALMEN,,,,
H8.CENMEL.1,CENMEL,JBL,NA,5/24/23,
H8.CORFIL.1,CORFIL,,,,
H8.EROCIC.1,EROCIC,,,,
H8.ESCCAL.1,ESCCAL,,,,
H8.MICCAL.1,MICCAL,HR,NA,4/22/23,
H8.STIPUL.1,STIPUL,,,,
I1.AVEBAR.1,AVEBAR,JBL,NA,4/24/23,
I1.BRODIA.1,BRODIA,HR,4/24/23,5/15/23,
I1.BROHOR.1,BROHOR,MH,4/24/23,5/17/23,
I1.CLAPUR.1,CLAPUR,,,,
I1.DAUPUS.1,DAUPUS,AS,,5/7/23,
I1.EROBOT.1,EROBOT,,,,
I1.GERDIS.1,GERDIS,AS,,4/3/23,
I1.LUPBIC.1,LUPBIC,AS,4/24/23,5/11/23,
I1.MADGRA.1,MADGRA,JBL,4/24/23,NA,bud date said 2024 but i assume that's a mimstake
I1.TORARV.1,TORARV,CAM,NA,5/18/23,
I1.TRIHIR.1,TRIHIR,,,,
I1.VICSAT.1,VICSAT,JBL,NA,4/24/23,not present (3/3/2025)
I2.AVEFAT.1,AVEFAT,JBL,4/8/23,4/12/23,
I2.BRODIA.1,BRODIA,CAM,3/24/23,4/1/23,
I2.BROHOR.1,BROHOR,MH,NA,4/24/23,
I2.BROMAD.1,BROMAD,AS,,4/12/23,
I2.CALMEN.1,CALMEN,JBL,3/30/23,4/3/23,
I2.CENMEL.1,CENMEL,JBL,NA,5/24/23,
I2.CORFIL.1,CORFIL,,,,
I2.EROCIC.1,EROCIC,JBL,NA,5/10/23,another bag earlier labeled 5/31
I2.ESCCAL.1,ESCCAL,,,,
I2.MICCAL.1,MICCAL,HR,NA,4/24/23,
I2.STIPUL.1,STIPUL,,,,
I3.AMSMEN.1,AMSMEN,JBL,3/30/23,4/3/23,
I3.AVEBAR.1,AVEBAR,,,,
I3.BROARE.1,BROARE,JBL,NA,3/13/23,
I3.BRODIA.1,BRODIA,,,,
I3.BROMAD.1,BROMAD,AS,3/24/23,4/1/23,
I3.CAUCOU.1,CAUCOU,,,,
I3.EROCIC.1,EROCIC,JBL,NA,3/13/23,
I3.ESCCAL.1,ESCCAL,,,,
I3.LUPMIC.1,LUPMIC,,,,
I3.LUPSUC.1,LUPSUC,,,,
I3.MIRMUL.1,MIRMUL,,,,
I3.PHATAN.1,PHATAN,CAM,3/20/23,4/3/23,
I4.AVEBAR.1,AVEBAR,JBL,NA,5/21/23,
I4.BRODIA.1,BRODIA,,,,
I4.BROHOR.1,BROHOR,MH,NA,4/24/23,
I4.CLAPUR.1,CLAPUR,,,,
I4.DAUPUS.1,DAUPUS,,,,
I4.EROBOT.1,EROBOT,,,,
I4.GERDIS.1,GERDIS,,,,
I4.LUPBIC.1,LUPBIC,,,,
I4.MADGRA.1,MADGRA,JBL,4/24/23,5/21/23,
I4.TORARV.1,TORARV,,,,
I4.TRIHIR.1,TRIHIR,,,,
I4.VICSAT.1,VICSAT,HR,NA,4/24/23,
I5.ACMPAR.1,ACMPAR,NA,NA,NA,
I5.AIRCAR.1,AIRCAR,JBL,NA,5/4/23,
I5.BRODIA.1,BRODIA,CAM,NA,5/15/23,
I5.BROHOR.1,BROHOR,MH,NA,5/17/23,
I5.CLAPUR.1,CLAPUR,,,,
I5.DANCAL.1,DANCAL,,,,
I5.DAUPUS.1,DAUPUS,,,,
I5.ESCCAL.1,ESCCAL,,,,
I5.GALPAR.1,GALPAR,AS,5/18/23,5/31/23,
I5.HYPGLA.1,HYPGLA,,,,
I5.MADGRA.1,MADGRA,HR,NA,5/22/23,
I5.SANBIP.1,SANBIP,,,,
I6.ACMPAR.1,ACMPAR,NA,NA,NA,
I6.AIRCAR.1,AIRCAR,JBL,NA,5/4/23,
I6.BRODIA.1,BRODIA,CAM,NA,5/15/23,
I6.BROHOR.1,BROHOR,MH,NA,5/17/23,
I6.CLAPUR.1,CLAPUR,,,,
I6.DANCAL.1,DANCAL,,,,
I6.DAUPUS.1,DAUPUS,,,,
I6.ESCCAL.1-I5,ESCCAL,,,,
I6.GALPAR.1,GALPAR,AS,4/12/23,4/24/23,
I6.HYPGLA.1,HYPGLA,,,,
I6.MADGRA.1,MADGRA,JBL,NA,5/22/23,
I6.SANBIP.1,SANBIP,,,,
I7.AVEBAR.1,AVEBAR,JBL,4/12/23,5/6/23,
I7.BRODIA.1,BRODIA,JBL,NA,5/15/23,
I7.BROHOR.1,BROHOR,HR,NA,5/17/23,
I7.BROMAD.1,BROMAD,AS,,5/17/23,
I7.CLAPUR.1,CLAPUR,,,,
I7.ELYCAP.1,ELYCAP,JBL,5/10/23,5/26/23,
I7.EROBOT.1,EROBOT,,,,
I7.HOLVIR.1,HOLVIR,,,,
I7.LUPBIC.1,LUPBIC,AS,4/12/23,4/24/23,
I7.MICCAL.1,MICCAL,HR,NA,4/24/23,
I7.PLAERE.1,PLAERE,CAM,4/1/23,5/11/23,
I7.TRIHIR.1,TRIHIR,,,,
I8.ACMPAR.1,ACMPAR,NA,NA,NA,
I8.AIRCAR.1,AIRCAR,JBL,NA,5/4/23,
I8.BRODIA.1,BRODIA,HR,NA,4/24/23,"2nd Bag of I8: Bud-NA, FLS-5/15/23"
I8.BROHOR.1,BROHOR,,,,
I8.CLAPUR.1,CLAPUR,,,,
I8.DANCAL.1,DANCAL,,,,
I8.DAUPUS.1,DAUPUS,AS,5/7/23,5/31/23,
I8.ESCCAL.1,ESCCAL,,,,
I8.GALPAR.1,GALPAR,,,,
I8.HYPGLA.1,HYPGLA,JBL,4/24/23,5/10/23,
I8.MADGRA.1,MADGRA,AS,,5/22/23,
I8.SANBIP.1,SANBIP,,,,
J1.AVEBAR.1,AVEBAR,JBL,NA,5/6/23,
J1.BRODIA.1,BRODIA,HR,NA,5/15/23,
J1.BROHOR.1,BROHOR,,,,
J1.CLAPUR.1,CLAPUR,,,,
J1.DAUPUS.1,DAUPUS,AS,,5/7/23,
J1.EROBOT.1,EROBOT,HR,4/1/23,4/13/23,
J1.GERDIS.1,GERDIS,AS,4/1/23,4/8/23,
J1.LUPBIC.1,LUPBIC,AS,,5/11/23,
J1.MADGRA.1,MADGRA,HR,NA,5/22/23,
J1.TORARV.1,TORARV,CAM,NA,5/18/24,
J1.TRIHIR.1,TRIHIR,JBL,NA,5/19/23,
J1.VICSAT.1,VICSAT,MH,NA,4/22/23,
J2.ACMPAR.1,ACMPAR,NA,NA,NA,
J2.AIRCAR.1,AIRCAR,JBL,NA,5/4/23,
J2.BRODIA.1,BRODIA,CAM,NA,5/23/23,
J2.BROHOR.1,BROHOR,MH,NA,5/17/23,
J2.CLAPUR.1,CLAPUR,,,,
J2.DANCAL.1,DANCAL,,,,
J2.DAUPUS.1,DAUPUS,AS,5/7/23,5/31/23,
J2.ESCCAL.1,ESCCAL,,,,
J2.GALPAR.1,GALPAR,AS,,5/18/23,
J2.HYPGLA.1,HYPGLA,HR,4/23/23,5/10/23,
J2.MADGRA.1,MADGRA,HR,NA,5/27/23,
J2.SANBIP.1,SANBIP,,,,
J3.AVEBAR.1,AVEBAR,JBL,NA,5/6/23,
J3.BRODIA.1,BRODIA,HR,NA,5/15/23,
J3.BROHOR.1,BROHOR,HR,NA,5/17/23,
J3.BROMAD.1,BROMAD,AS,,4/23/23,
J3.CLAPUR.1,CLAPUR,,,,
J3.ELYCAP.1,ELYCAP,CAM,5/10/23,5/26/23,
J3.EROBOT.1,EROBOT,MH,NA,6/13/23,
J3.HOLVIR.1,HOLVIR,,,,
J3.LUPBIC.1,LUPBIC,AS,4/13/23,4/23/23,
J3.MICCAL.1,MICCAL,HR,NA,NA,No flowering date recorded
J3.PLAERE.1,PLAERE,CAM,4/1/23,5/17/23,
J3.TRIHIR.1,TRIHIR,,,,
J4.AMSMEN.1,AMSMEN,JBL,NA,NA,
J4.AVEBAR.1,AVEBAR,JBL,NA,4/23/23,
J4.BROARE.1,BROARE,JBL,NA,3/13/23,
J4.BRODIA.1,BRODIA,HR,4/23/23,5/15/23,
J4.BROMAD.1,BROMAD,AS,3/30/23,4/3/23,
J4.CAUCOU.1,CAUCOU,,,,
J4.EROCIC.1,EROCIC,JBL,NA,4/1/23,
J4.ESCCAL.1,ESCCAL,,,,
J4.LUPMIC.1,LUPMIC,,,,
J4.LUPSUC.1,LUPSUC,,,,
J4.MIRMUL.1,MIRMUL,,,,
J4.PHATAN.1,PHATAN,CAM,NA,5/1/23,
J5.AVEFAT.1,AVEFAT,JBL,NA,4/23/23,
J5.BRODIA.1,BRODIA,HR,3/30/23,4/8/23,
J5.BROHOR.1,BROHOR,MH,NA,4/23/23,
J5.BROMAD.1,BROMAD,AS,4/13/23,4/23/23,
J5.CALMEN.1,CALMEN,,,,
J5.CENMEL.1,CENMEL,CAM,NA,5/24/23,
J5.CORFIL.1,CORFIL,,,,
J5.EROCIC.1,EROCIC,JBL,NA,3/20/23,
J5.ESCCAL.1,ESCCAL,,,,
J5.MICCAL.1,MICCAL,HR,NA,4/23/23,
J5.STIPUL.1,STIPUL,,,,
J6.AVEBAR.1,AVEBAR,JBL,NA,5/6/23,
J6.BRODIA.1,BRODIA,HR,4/23/23,5/15/23,
J6.BROHOR.1,BROHOR,HR,NA,5/17/23,
J6.BROMAD.1,BROMAD,AS,4/13/23,4/23/23,
J6.CLAPUR.1,CLAPUR,,,,
J6.ELYCAP.1,ELYCAP,CAM,,5/26/23,
J6.EROBOT.1,EROBOT,,,,
J6.HOLVIR.1,HOLVIR,,,,
J6.LUPBIC.1,LUPBIC,JBL,NA,NA,
J6.MICCAL.1,MICCAL,HR,NA,4/23/23,
J6.PLAERE.1,PLAERE,CAM,4/8/23,4/23/23,
J6.TRIHIR.1,TRIHIR,JBL,4/13/23,4/23/23,
J7.AMSMEN.1,AMSMEN,JBL,3/20/23,3/24/23,
J7.AVEBAR.1,AVEBAR,JBL,NA,5/6/23,
J7.BROARE.1,BROARE,JBL,NA,3/13/23,
J7.BRODIA.1,BRODIA,CAM,NA,4/25/23,
J7.BROMAD.1,BROMAD,AS,,4/8/23,
J7.CAUCOU.1,CAUCOU,,,,
J7.EROCIC.1,EROCIC,JBL,NA,4/1/23,
J7.ESCCAL.1,ESCCAL,,,,
J7.LUPMIC.1,LUPMIC,AS,,5/11/23,
J7.LUPSUC.1,LUPSUC,,,,
J7.MIRMUL.1,MIRMUL,,,,
J7.PHATAN.1,PHATAN,CAM,3/20/23,4/13/23,
J8.AVEFAT.1,AVEFAT,,,,
J8.BRODIA.1,BRODIA,CAM,3/24/23,3/30/23,
J8.BROHOR.1,BROHOR,HR,4/13/23,4/23/23,
J8.BROMAD.1,BROMAD,AS,,4/23/23,
J8.CALMEN.1,CALMEN,JBL,NA,4/8/23,
J8.CENMEL.1,CENMEL,JBL,NA,5/24/23,
J8.CORFIL.1,CORFIL,,,,
J8.EROCIC.1,EROCIC,JBL,4/8/23,4/13/23,
J8.ESCCAL.1,ESCCAL,,,,
J8.MICCAL.1,MICCAL,HR,NA,4/23/23,
J8.STIPUL.1,STIPUL,,,,