Site,Date,Plot,Species,% Cover,Notes,
WWP,3/18/2025,1,Rock,12,,
WWP,3/18/2025,1,Bare,5,,
WWP,3/18/2025,1,Litter,20,,
WWP,3/18/2025,1,BROMAD,9,,
WWP,3/18/2025,1,BROARE,3,,
WWP,3/18/2025,1,BRODIA,5,,
WWP,3/18/2025,1,CENMEL,4,,
WWP,3/18/2025,1,EROCIC,1,,
WWP,3/18/2025,1,DATWRI,1,,
WWP,3/18/2025,1,HIRINC,1,,
WWP,3/18/2025,1,AVEBAR,1,,
WWP,3/18/2025,3,Rock,9,,
WWP,3/18/2025,3,Bare,20,,
WWP,3/18/2025,3,Litter,11,,
WWP,3/18/2025,3,BROMAD,5,,
WWP,3/18/2025,3,BROARE,3,,
WWP,3/18/2025,3,BRODIA,0,,
WWP,3/18/2025,3,DATWRI,2,,
WWP,3/18/2025,3,PHATAN,1,,
WWP,3/18/2025,3,HIRINC,1,,
WWP,3/18/2025,3,CENMEL,1,,
WWP,3/18/2025,3,EROCIC,2,,
WWP,3/18/2025,3,UNK-1,1,10:09,
WWP,3/18/2025,3,AVEBAR,4,,
WWP,3/18/2025,3,UNK-2,1,10:18 STEPHANOMARIA? Caulanthus lasioplyllus,
WWP,3/18/2025,2,Rock,5,,
WWP,3/18/2025,2,Bare,15,,
WWP,3/18/2025,2,Litter,15,,
WWP,3/18/2025,2,PHATAN,2,,
WWP,3/18/2025,2,BROMAD,1,,
WWP,3/18/2025,2,BROARE,1,,
WWP,3/18/2025,2,BRODIA,2,,
WWP,3/18/2025,2,AVEBAR,5,,
WWP,3/18/2025,2,Unk-2,3,,
WWP,3/18/2025,2,HIRINC,1,,
WWP,3/18/2025,2,EROCIC,6,,
WWP,3/18/2025,2,ESCCAL,1,,
WWP,3/18/2025,5,Rock,1,,
WWP,3/18/2025,5,Bare,2,,
WWP,3/18/2025,5,Litter,18,,
WWP,3/18/2025,5,BROMAD,15,,
WWP,3/18/2025,5,BROARE,1,,
WWP,3/18/2025,5,BRODIA,2,,
WWP,3/18/2025,5,AVEBAR,3,,
WWP,3/18/2025,5,UNK-2,3,CAULAS,
WWP,3/18/2025,5,ESCCAL,4,,
WWP,3/18/2025,5,PHATAN,2,,
WWP,3/18/2025,5,EROCIC,3,,
WWP,3/18/2025,4,Roch,0,,
WWP,3/18/2025,4,Bare,20,,
WWP,3/18/2025,4,Litter,27,,
WWP,3/18/2025,4,ESCCAL,2,,
WWP,3/18/2025,4,PHATAN,3,,
WWP,3/18/2025,4,AMSMEN,1,,
WWP,3/18/2025,4,BROMAD,4,,
WWP,3/18/2025,4,BROARE,2,,
WWP,3/18/2025,4,BRODIA,1,,
WWP,3/18/2025,4,AVEBAR,3,,
WWP,3/18/2025,4,EROCIC,4,,
WWP,3/18/2025,4,HIRINC,1,,
WWP,3/18/2025,6,Rock,1,,
WWP,3/18/2025,6,Bare,10,,
WWP,3/18/2025,6,Litter,12,,
WWP,3/18/2025,6,BROMAD,9,,
WWP,3/18/2025,6,UNK-1,1,,
WWP,3/18/2025,6,BROARE,2,,
WWP,3/18/2025,6,BRODIA,2,,
WWP,3/18/2025,6,EROCIC,3,,
WWP,3/18/2025,6,ACMWRA,1,,
WWP,3/18/2025,6,PHATAN,3,,
WWP,3/18/2025,6,CAUCOU,2,,
WWP,3/18/2025,6,AVEBAR,8,,
WWP,3/18/2025,6,UNK-2,1,,
WWP,3/18/2025,9,Rock,12,,
WWP,3/18/2025,9,Bare,8,,
WWP,3/18/2025,9,Litter,10,,
WWP,3/18/2025,9,BROMAD,10,,
WWP,3/18/2025,9,BROARE,2,,
WWP,3/18/2025,9,BRODIA,6,,
WWP,3/18/2025,9,AVEBAR,6,,
WWP,3/18/2025,9,HIRINC,2,,
WWP,3/18/2025,9,CAUCOU,4,,
WWP,3/18/2025,9,ESCCAL,2,,
WWP,3/18/2025,9,EROCIC,5,,
WWP,3/18/2025,9,PHATAN,1,,
WWP,3/18/2025,9,ACMWRA,1,,
WWP,3/18/2025,7,Rock,3,,
WWP,3/18/2025,7,Litter,3,,
WWP,3/18/2025,7,Bare,5,,
WWP,3/18/2025,7,CAUCOU,1,,
WWP,3/18/2025,7,ESCCAL,4,,
WWP,3/18/2025,7,EROCIC,2,,
WWP,3/18/2025,7,HIRINC,1,,
WWP,3/18/2025,7,BROMAD,13,,
WWP,3/18/2025,7,BROARE,3,,
WWP,3/18/2025,7,AVEBAR,0,,
WWP,3/18/2025,7,BRODIA,5,,
WWP,3/18/2025,7,PHATAN,1,,
WWP,3/18/2025,7,UNK-2,1,,
WWP,3/18/2025,8,Rock,1,,
WWP,3/18/2025,8,Litter,2,,
WWP,3/18/2025,8,Bare,5,,
WWP,3/18/2025,8,PHATAN,9,,
WWP,3/18/2025,8,BROMAD,16,,
WWP,3/18/2025,8,BROARE,7,,
WWP,3/18/2025,8,BRODIA,2,,
WWP,3/18/2025,8,AVEBAR,1,,
WWP,3/18/2025,8,EROCIC,2,,
WWP,3/18/2025,8,AMSMEN,1,,
WWP,3/18/2025,10,Rock,12,,
WWP,3/18/2025,10,Bare,1,,
WWP,3/18/2025,10,Litter,10,,
WWP,3/18/2025,10,HIRINC,2,,
WWP,3/18/2025,10,AMSMEN,1,,
WWP,3/18/2025,10,ESCCAL,1,,
WWP,3/18/2025,10,BROMAD,3,,
WWP,3/18/2025,10,BROARE,1,,
WWP,3/18/2025,10,BRODIA,10,,
WWP,3/18/2025,10,AVEBAR,5,,
WWP,3/18/2025,10,EROCIC,1,,
WWP,3/18/2025,10,CAUCOU,1,,
SEDG,3/19/2025,1,Rock,0,,
SEDG,3/19/2025,1,Bare,0,,
SEDG,3/19/2025,1,Litter,50,,
SEDG,3/19/2025,1,CORFIL,25,,
SEDG,3/19/2025,1,CENMEL,10,,
SEDG,3/19/2025,1,CLAPUR,1,,
SEDG,3/19/2025,1,CALMEN,1,,
SEDG,3/19/2025,1,grass,4,,
SEDG,3/19/2025,10,Rock,0,,
SEDG,3/19/2025,10,Bare,0,,
SEDG,3/19/2025,10,Litter,35,,
SEDG,3/19/2025,10,CORFIL,2,,
SEDG,3/19/2025,10,CENMEL,20,,
SEDG,3/19/2025,10,grass,10,,
SEDG,3/19/2025,10,ESCCAL,1,,
SEDG,3/19/2025,10,EROCIC,1,,
SEDG,3/19/2025,9,Rock,1,,
SEDG,3/19/2025,9,Bare,2,,
SEDG,3/19/2025,9,Litter,35,,
SEDG,3/19/2025,9,CORFIL,1,,
SEDG,3/19/2025,9,CENMEL,25,,
SEDG,3/19/2025,9,grass,5,,
SEDG,3/19/2025,9,EROCIC,1,,
SEDG,3/19/2025,9,CALMEN,1,,
SEDG,3/19/2025,9,ACMAME,1,,
SEDG,3/19/2025,9,ESCCAL,2,,
SEDG,3/19/2025,9,STIPUL,2,,
SEDG,3/19/2025,7,Rock,1,,
SEDG,3/19/2025,7,Bare,4,,
SEDG,3/19/2025,7,Litter,50,,
SEDG,3/19/2025,7,CENMEL,35,,
SEDG,3/19/2025,7,ESCCAL,1,,
SEDG,3/19/2025,7,CALMEN,2,,
SEDG,3/19/2025,7,EROCIC,1,,
SEDG,3/19/2025,7,CLAPUR,1,,
SEDG,3/19/2025,7,ACMAME,1,,
SEDG,3/19/2025,7,grass,4,,
SEDG,3/19/2025,7,CORFIL,1,,
SEDG,3/19/2025,6,Rock,0,,
SEDG,3/19/2025,6,Bare,4,,
SEDG,3/19/2025,6,Litter,50,,
SEDG,3/19/2025,6,ESCCAL,2,,
SEDG,3/19/2025,6,CLAPUR,1,,
SEDG,3/19/2025,6,CENMEL,20,,
SEDG,3/19/2025,6,grass,12,,
SEDG,3/19/2025,6,Trifolium Sp-1,1,TL,
SEDG,3/19/2025,6,ERUCIC,1,,
SEDG,3/19/2025,6,CALMEN,1,,
SEDG,3/19/2025,6,STIPUL,1,,
SEDG,3/19/2025,8,Bare,4,,
SEDG,3/19/2025,8,Rock,0,,
SEDG,3/19/2025,8,Litter,35,,
SEDG,3/19/2025,8,CENMEL,40,,
SEDG,3/19/2025,8,ESCCAL,3,,
SEDG,3/19/2025,8,EROCIC,1,,
SEDG,3/19/2025,8,Grass,4,,
SEDG,3/19/2025,8,CALMEN,1,,
SEDG,3/19/2025,8,STIPUL,1,,
SEDG,3/19/2025,8,CLAPUR,1,,
SEDG,3/19/2025,5,Bare,5,,
SEDG,3/19/2025,5,Rock,1,,
SEDG,3/19/2025,5,Litter,15,,
SEDG,3/19/2025,5,Grass,10,,
SEDG,3/19/2025,5,EROCIC,5,,
SEDG,3/19/2025,5,CENMEL,15,,
SEDG,3/19/2025,5,ESCCAL,2,,
SEDG,3/19/2025,5,ACMAME,1,,
SEDG,3/19/2025,5,CLAPUR,1,,
SEDG,3/19/2025,5,CALMEN,1,,
SEDG,3/19/2025,5,UNK-1,1,8:21 TR,
SEDG,3/19/2025,5,CORFIL,1,,
SEDG,3/19/2025,2,Bare,7,,
SEDG,3/19/2025,2,Rock,1,,
SEDG,3/19/2025,2,Litter,40,,
SEDG,3/19/2025,2,CENMEL,2,,
SEDG,3/19/2025,2,CLAPUR,1,,
SEDG,3/19/2025,2,Trifolium Sp-2,1,8:26,
SEDG,3/19/2025,2,UNK-2,1,8:26,
SEDG,3/19/2025,2,CALMEN,1,,
SEDG,3/19/2025,2,grass,30,,
SEDG,3/19/2025,4,Bare,8,,
SEDG,3/19/2025,4,Rock,3,,
SEDG,3/19/2025,4,Litter,10,,
SEDG,3/19/2025,4,Grass,12,,
SEDG,3/19/2025,4,HIRINC,1,,
SEDG,3/19/2025,4,ESCCAL,1,,
SEDG,3/19/2025,4,EROCIC,2,,
SEDG,3/19/2025,4,CLAPUR,1,,
SEDG,3/19/2025,3,Bare,1,,
SEDG,3/19/2025,3,Rock,0,,
SEDG,3/19/2025,3,Litter,50,,
SEDG,3/19/2025,3,CLAPUR,2,,
SEDG,3/19/2025,3,UNK-2,2,Meadowrue?,
SEDG,3/19/2025,3,Grass,8,,
SEDG,3/19/2025,3,CENMEL,1,,
SEDG,3/19/2025,3,CLAPER,1,,
SEDG,3/19/2025,3,CORFIL,1,,
SEDG,3/19/2025,3,GALIUM sp,1,8:33,
SEDG,3/19/2025,3,ESCCAL,1,,
BORR,3/21/25,1,Rock,0,,
BORR,3/21/25,1,Bare,2,,
BORR,3/21/25,1,Litter,90,,
BORR,3/21/25,1,GERDIS,5,,
BORR,3/21/25,1,VICSAT,1,,
BORR,3/21/25,1,Grass,4,,
BORR,3/21/25,1,CLAPUR,1,,
BORR,3/21/25,1,CLAPER,1,,
BORR,3/21/25,1,GER-2,1,,
BORR,3/21/25,7,Bare,0,,
BORR,3/21/25,7,Rock,0,,
BORR,3/21/25,7,Litter,10,,
BORR,3/21/25,7,CALPOM,7,,
BORR,3/21/25,7,Grass,40,,
BORR,3/21/25,7,DAUPUS,1,,
BORR,3/21/25,7,GER-2,1,,
BORR,3/21/25,7,EROBOT,2,,
BORR,3/21/25,7,CLAPUR,1,,
BORR,3/21/25,7,TRIHIR,1,,
BORR,3/21/25,7,VICSAT,1,,
BORR,3/21/25,7,UNKCAR-1,1,10:13,
BORR,3/21/25,7,TORARV,1,,
BORR,3/21/25,7,GERDIS,1,,
BORR,3/21/25,6,Bare,0,,
BORR,3/21/25,6,Rock,0,,
BORR,3/21/25,6,Litter,30,,
BORR,3/21/25,6,CLAPUR,2,,
BORR,3/21/25,6,DAUPUS,5,,
BORR,3/21/25,6,EROBOT,10,,
BORR,3/21/25,6,Grass,12,,
BORR,3/21/25,6,MADGRA,2,,
BORR,3/21/25,6,GERDIS,2,,
BORR,3/21/25,6,GER-2,2,,
BORR,3/21/25,6,TORARV,1,,
BORR,3/21/25,6,VICSAT,1,,
BORR,3/21/25,6,GALPAR,1,,
BORR,3/21/25,6,TRI-2,1,,
BORR,3/21/25,6,TRIHIR,1,,
BORR,3/21/25,8,Bare,0,,
BORR,3/21/25,8,Rock,0,,
BORR,3/21/25,8,Litter,30,,
BORR,3/21/25,8,GERDIS,9,,
BORR,3/21/25,8,GER-2,3,,
BORR,3/21/25,8,Grass,25,,
BORR,3/21/25,8,CLAPUR,1,,
BORR,3/21/25,8,TORARV,1,,
BORR,3/21/25,8,VICSAT,1,,
BORR,3/21/25,8,TRIHIR,1,,
BORR,3/21/25,8,GALPAR,1,,
BORR,3/21/25,8,CLAPER,1,,
BORR,3/21/25,8,EROCIC,1,,
BORR,3/21/25,8,EROBOT,1,,
BORR,3/21/25,8,AMSMEN,1,,
BORR,3/21/25,8,TRI-2,1,10:27,
BORR,3/21/25,8,LUPBIC,1,,
BORR,3/21/25,5,Rock,0,,
BORR,3/21/25,5,Bare,3,,
BORR,3/21/25,5,Litter,50,,
BORR,3/21/25,5,Grass,8,,
BORR,3/21/25,5,GALPAR,1,,
BORR,3/21/25,5,TORARV,1,,
BORR,3/21/25,5,CLAPUR,1,,
BORR,3/21/25,5,VICSAT,1,,
BORR,3/21/25,5,MADGRA,1,,
BORR,3/21/25,5,GERDIS,1,,
BORR,3/21/25,5,TRI-3,2,TRIFUC? 10:33,
BORR,3/21/25,5,EROBOT,2,,
BORR,3/21/25,9,Rock,0,,
BORR,3/21/25,9,Bare,1,,
BORR,3/21/25,9,Litter,60,,
BORR,3/21/25,9,GERDIS,4,,
BORR,3/21/25,9,Grass,4,,
BORR,3/21/25,9,GALPAR,2,,
BORR,3/21/25,9,TORARV,1,,
BORR,3/21/25,9,CLAPUR,1,,
BORR,3/21/25,9,VICSAT,1,,
BORR,3/21/25,9,UNK-1,1,,
BORR,3/21/25,4,Bare,0,,
BORR,3/21/25,4,Rock,0,,
BORR,3/21/25,4,Grass,6,,
BORR,3/21/25,4,Litter,40,,
BORR,3/21/25,4,GERDIS,28,,
BORR,3/21/25,4,CLAPUR,2,,
BORR,3/21/25,4,VICSAT,1,,
BORR,3/21/25,4,TORARV,1,,
BORR,3/21/25,4,MADGRA,1,,
BORR,3/21/25,4,GER-2,4,,
BORR,3/21/25,2,Bare,2,,
BORR,3/21/25,2,Rock,0,,
BORR,3/21/25,2,Litter,30,,
BORR,3/21/25,2,GERDIS,20,,
BORR,3/21/25,2,CLAPUR,3,,
BORR,3/21/25,2,Grass,3,,
BORR,3/21/25,2,VICSAT,2,,
BORR,3/21/25,2,MADGRA,1,,
BORR,3/21/25,2,GALPAR,1,,
BORR,3/21/25,2,TORARV,1,,
BORR,3/21/25,2,GER-2,2,,
BORR,3/21/25,2,CLAPER,1,,
BORR,3/21/25,2,UNK BULB,1,10:50,
BORR,3/21/25,2,UNK CAR-2,1,10:50,
BORR,3/21/25,2,LUPBIC,1,,
BORR,3/21/25,2,TRI 2/3,1,,
BORR,3/21/25,10,Bare,0,,
BORR,3/21/25,10,Rock,0,,
BORR,3/21/25,10,Litter,25,,
BORR,3/21/25,10,GALPAR,2,,
BORR,3/21/25,10,GERDIS,17,,
BORR,3/22/25,10,Grass,20,,
BORR,3/23/25,10,TRI-2,3,Small,
BORR,3/24/25,10,VICSAT,5,,
BORR,3/25/25,10,CLAPUR,2,,
BORR,3/26/25,10,MADGRA,2,,
BORR,3/27/25,10,LUPBIC,1,,
BORR,3/28/25,3,Bare,1,,
BORR,3/29/25,3,Rock,0,,
BORR,3/30/25,3,Litter,30,,
BORR,3/31/25,3,CLAPER,1,,
BORR,4/1/25,3,CLAPUR,1,,
BORR,4/2/25,3,GALPAR,1,,
BORR,4/3/25,3,EUPPER,1,,
BORR,4/4/25,3,VICSAT,2,,
BORR,4/5/25,3,TRI 2/3,1,,
BORR,4/6/25,3,LUPBIC,1,,
BORR,4/7/25,3,TORARV,2,,
BORR,4/8/25,3,UNK CAR-1,1,,
BORR,4/9/25,3,MADGRA,1,,
BORR,4/12/25,3,Grass,10,,
OTL,4/12/25,E1,AVEBAR,22,"4, numbers in notes indicate phenology 1-10. 1 = completely vegetative, 10 = senesced",
OTL,4/12/25,E1,Bare,2,,
OTL,4/12/25,E1,Litter,1,,
OTL,4/12/25,E1,Rock,0,,
OTL,4/12/25,E1,PLANOT,24,5,
OTL,4/12/25,E1,ESCCAL,6,1,
OTL,4/12/25,E1,BROHOR,8,2,
OTL,4/12/25,E1,BRODIA,10,1,
OTL,4/12/25,E1,GALPAR,1,7,
OTL,4/12/25,E1,HYPGLA,10,2,
OTL,4/12/25,E1,EPI-1,1,1,
OTL,4/12/25,E1,AIRCAR,1,3,
OTL,4/12/25,E1,DAUPUS,1,1,
OTL,4/12/25,E1,UNK-CAR,10,1,
OTL,4/12/25,E1,CLAPUR,1,2,
OTL,4/12/25,E1,MADGRA,10,1,
OTL,4/12/25,E2,Bare,14,,
OTL,4/12/25,E2,Litter,1,,
OTL,4/12/25,E2,BROMAD,30,5,
OTL,4/12/25,E2,AVEBAR,19,4,
OTL,4/12/25,E2,BRODIA,3,3,
OTL,4/12/25,E2,BROARE,5,8,
OTL,4/12/25,E2,AMSMEN,1,8,
OTL,4/12/25,E2,EROCIC,16,5,
OTL,4/12/25,E2,PHATAN,1,6,
OTL,4/12/25,E2,SALCOL,2,6,
OTL,4/12/25,E2,EPI-1,1,1,
OTL,4/12/25,E2,UNK-CAR,3,1,
OTL,4/12/25,E2,LACSER,1,1,
OTL,4/12/25,E2,ESCCAL ,1,1,
OTL,4/12/25,E3,Bare,5,,
OTL,4/12/25,E3,Litter,1,,
OTL,4/12/25,E3,AVEBAR,20,4,
OTL,4/12/25,E3,BROHOR,13,2,
OTL,4/12/25,E3,BRODIA,5,1,
OTL,4/12/25,E3,ESCCAL,22,3,
OTL,4/12/25,E3,MADGRA,8,1,
OTL,4/12/25,E3,DAUPUS,1,1,
OTL,4/12/25,E3,GALPAR,1,2,
OTL,4/12/25,E3,HYPGLA,15,2,
OTL,4/12/25,E3,UNK-CAR,2,1,
OTL,4/12/25,E3,EPI-1,1,1,
OTL,4/12/25,E3,AIRCAR,1,2,
OTL,4/12/25,E3,CLAPUR,1,1,
OTL,4/12/25,E3,DANCAL,1,1,
OTL,4/12/25,E3,AMCMPAR,1,1,
OTL,4/12/25,E4,Bare,17,,
OTL,4/12/25,E4,Litter,1,,
OTL,4/12/25,E4,AVEBAR,18,4,
OTL,4/12/25,E4,BROMAD,25,5,
OTL,4/12/25,E4,BRODIA,14,3,
OTL,4/12/25,E4,BROARE,6,8,
OTL,4/12/25,E4,AMSMEN,6,8,
OTL,4/12/25,E4,PHATAN,1,6,
OTL,4/12/25,E4,EROCIC,16,6,
OTL,4/12/25,E4,ESCCAL ,2,1,
OTL,4/12/25,E4,EPI-1,1,1,
OTL,4/12/25,E4,UNK-CAR,1,1,
OTL,4/12/25,E4,SALCOL,1,2,
OTL,4/12/25,E5,Litter,6,,
OTL,4/12/25,E5,AVEFAT,3,3,
OTL,4/12/25,E5,BROMAD,5,5,
OTL,4/12/25,E5,BROHOR,4,5,
OTL,4/12/25,E5,STIPUL,10,4,
OTL,4/12/25,E5,MICCAL,1,7,
OTL,4/12/25,E5,CENMEL,4,2,
OTL,4/12/25,E5,CORFIL,2,1,
OTL,4/12/25,E5,UNK-CAR,1,1,
OTL,4/12/25,E5,EPI-1,1,1,
OTL,4/12/25,E5,ESCCAL,3,1,
OTL,4/12/25,E5,BRODIA,25,5,
OTL,4/12/25,E6,Bare,18,,
OTL,4/12/25,E6,Litter,3,,
OTL,4/12/25,E6,BRODIA,8,5,
OTL,4/12/25,E6,BROMAD,4,5,
OTL,4/12/25,E6,BROHOR,5,5,
OTL,4/12/25,E6,STIPUL,22,4,
OTL,4/12/25,E6,AVEFAT,4,4,
OTL,4/12/25,E6,CENMEL,6,2,
OTL,4/12/25,E6,EROCIC,1,6,
OTL,4/12/25,E6,MICCAL,1,6,
OTL,4/12/25,E6,EPI-1,1,1,
OTL,4/12/25,E6,LACSER,1,1,
OTL,4/12/25,E6,CORFIL,4,1,
OTL,4/12/25,E7,Bare,11,,
OTL,4/12/25,E7,Litter,1,,
OTL,4/12/25,E7,AVEBAR,20,3,
OTL,4/12/25,E7,BROHOR,3,3,
OTL,4/12/25,E7,BROMAD,5,5,
OTL,4/12/25,E7,EROBOT,9,5,
OTL,4/12/25,E7,CLAPUR,7,1,
OTL,4/12/25,E7,PLAERE,8,7,
OTL,4/12/25,E7,LUPBIC,3,6,
OTL,4/12/25,E7,TRIHIR,15,3,
OTL,4/12/25,E7,ELYCAP,4,1,
OTL,4/12/25,E7,MICCAL,2,5,
OTL,4/12/25,E7,UNK-CAR,12,1,
OTL,4/12/25,E7,EPI-1,1,1,
OTL,4/12/25,E7,HYGLA,1,2,
OTL,4/12/25,E7,BRODIA,7,3,
OTL,4/12/25,E8,Bare,11,,
OTL,4/12/25,E8,Litter,3,,
OTL,4/12/25,E8,AVEBAR,19,3,
OTL,4/12/25,E8,EROBOT,6,5,
OTL,4/12/25,E8,CLAPUR,4,2,
OTL,4/12/25,E8,LUPBIC,4,6,
OTL,4/12/25,E8,DAUPUS,1,1,
OTL,4/12/25,E8,TORARV,8,1,
OTL,4/12/25,E8,MADGRA,24,1,
OTL,4/12/25,E8,VISCAT,13,1,
OTL,4/12/25,E8,BROHOR,4,3,
OTL,4/12/25,E8,BRODIA,16,2,
OTL,4/12/25,E8,GERDIS,2,6,
OTL,4/12/25,E8,UNK-CAR,3,1,
OTL,4/12/25,E8,EPI-1,1,1,
OTL,4/13/25,B1,Bare,40,,
OTL,4/13/25,B1,Litter,16,,
OTL,4/13/25,B1,AVEBAR,11,4,
OTL,4/13/25,B1,BROHOR,10,5,
OTL,4/13/25,B1,BRODIA,5,4,
OTL,4/13/25,B1,MADGRA,10,3,
OTL,4/13/25,B1,CLAPUR,2,5,
OTL,4/13/25,B1,TORARV,10,1,
OTL,4/13/25,B1,VISCAT,3,1,
OTL,4/13/25,B1,GERDIS,2,7,
OTL,4/13/25,B1,DAUPUS,2,1,
OTL,4/13/25,B1,LACSER,1,1,
OTL,4/13/25,B1,TRIHIR,1,1,
OTL,4/13/25,B1,EROBOT,2,5,
OTL,4/13/25,B1,EPI-1,1,1,
OTL,4/13/25,B2,Bare,22,,
OTL,4/13/25,B2,Litter,5,,
OTL,4/13/25,B2,HOLVIR,15,1,
OTL,4/13/25,B2,AVEBAR,9,4,
OTL,4/13/25,B2,BROHOR,3,4,
OTL,4/13/25,B2,BRODIA,12,3,
OTL,4/13/25,B2,BROMAD,5,5,
OTL,4/13/25,B2,TRIHIR,20,4,
OTL,4/13/25,B2,MICCAL,1,6,
OTL,4/13/25,B2,EPI-1,1,1,
OTL,4/13/25,B2,LUPBIC,1,8,
OTL,4/13/25,B2,PLAERE,1,9,
OTL,4/13/25,B2,ELYCAP,5,2,
OTL,4/13/25,B2,CLAPUR,2,2,
OTL,4/13/25,B2,EROBOT,2,7,
OTL,4/13/25,B3,Bare,14,,
OTL,4/13/25,B3,Litter,16,,
OTL,4/13/25,B3,AVEFAT,2,10,
OTL,4/13/25,B3,BRODIA,45,8,
OTL,4/13/25,B3,BROHOR,4,7,
OTL,4/13/25,B3,BROMAD,2,9,
OTL,4/13/25,B3,CENMEL,5,2,
OTL,4/13/25,B3,EROCIC,3,7,
OTL,4/13/25,B3,MICCAL,1,8,
OTL,4/13/25,B3,EPI-1,1,1,
OTL,4/13/25,B4,Bare,12,,
OTL,4/13/25,B4,Litter,15,,
OTL,4/13/25,B4,AVEBAR,7,4,
OTL,4/13/25,B4,BRODIA,9,2,
OTL,4/13/25,B4,BROHOR,3,5,
OTL,4/13/25,B4,CLAPUR,2,2,
OTL,4/13/25,B4,MADGRA,4,2,
OTL,4/13/25,B4,GALPAR,1,6,
OTL,4/13/25,B4,LACSER,1,1,
OTL,4/13/25,B4,DAUPUS,2,1,
OTL,4/13/25,B4,EPI-1,1,1,
OTL,4/13/25,B4,ESCCAL,1,1,
OTL,4/13/25,B5,Bare,8,,
OTL,4/13/25,B5,Litter,12,,
OTL,4/13/25,B5,AVEBAR,3,3,
OTL,4/13/25,B5,BRODIA,4,2,
OTL,4/13/25,B5,BROHOR,3,5,
OTL,4/13/25,B5,BROMAD,4,6,
OTL,4/13/25,F1,BARE,11,,
OTL,4/13/25,F1,Litter,0,,
OTL,4/13/25,F1,AVEBAR,6,4,
OTL,4/13/25,F1,BRODIA,11,1,
OTL,4/13/25,F1,BROHOR,7,2,
OTL,4/13/25,F1,ESCCAL,20,4,
OTL,4/13/25,F1,GALPAR,8,4,
OTL,4/13/25,F1,DAUPUS,1,1,
OTL,4/13/25,F1,MADGRA,15,1,
OTL,4/13/25,F1,HYPGLA,5,2,
OTL,4/13/25,F1,CLAPUR,1,2,
OTL,4/13/25,F1,LACSER,1,1,
OTL,4/13/25,F1,EPI-1,1,1,
OTL,4/13/25,F1,AIRCAR,1,2,
OTL,4/13/25,F2,Bare,45,,
OTL,4/13/25,F2,Litter,2,,
OTL,4/13/25,F2,AVEBAR,10,4,
OTL,4/13/25,F2,BRODIA,9,4,
OTL,4/13/25,F2,BROMAD,5,5,
OTL,4/13/25,F2,BROARE,2,9,
OTL,4/13/25,F2,EROCIC,2,6,
OTL,4/13/25,F2,PHATAN,1,4,
OTL,4/13/25,F2,SALCOL,1,3,
OTL,4/13/25,F2,MIRMUL,1,1,
OTL,4/13/25,F2,GALPAR,1,1,
OTL,4/13/25,F2,AMSMEN,1,8,
OTL,4/13/25,F3,Bare,10,,
OTL,4/13/25,F3,Litter,0,,
OTL,4/13/25,F3,AVEBAR,15,4,
OTL,4/13/25,F3,BRODIA,5,3,
OTL,4/13/25,F3,BROHOR,4,4,
OTL,4/13/25,F3,CLAPUR,3,3,
OTL,4/13/25,F3,MADGRA,6,1,
OTL,4/13/25,F3,VISCAT,5,1,
OTL,4/13/25,F3,TORARU,2,1,
OTL,4/13/25,F3,TRIHIR,2,1,
OTL,4/13/25,F3,EROBOT,3,5,
OTL,4/13/25,F3,GERDIS,1,6,
OTL,4/13/25,F3,DAUPUS,1,1,
OTL,4/13/25,F4,Bare,13,,
OTL,4/13/25,F4,Litter,0,,
OTL,4/13/25,F4,AVEBAR,8,4,
OTL,4/13/25,F4,BRODIA,13,3,
OTL,4/13/25,B5,HOLVIR,6,1,
OTL,4/13/25,B5,TRIHIR,2,2,
OTL,4/13/25,B5,MICCAL,1,6,
OTL,4/13/25,B5,ELYCAP,0,,
OTL,4/13/25,B5,PLAERE,1,9,
OTL,4/13/25,B5,EROBOT,2,6,
OTL,4/13/25,B5,CLAPUR,1,1,
OTL,4/13/25,B5,EPI-1,1,1,
OTL,4/13/25,B5,LACSER,1,1,
OTL,4/13/25,B6,Bare,7,,
OTL,4/13/25,B6,Litter,3,,
OTL,4/13/25,B6,ESCCAL,5,4,
OTL,4/13/25,B6,BRODIA,6,6,
OTL,4/13/25,B6,BROHOR,3,6,
OTL,4/13/25,B6,BROMAD,5,8,
OTL,4/13/25,B6,AVEFAT,3,10,
OTL,4/13/25,B6,STIPUL,4,4,
OTL,4/13/25,B6,CENMEL,9,2,
OTL,4/13/25,B6,MICCAL,1,7,
OTL,4/13/25,B6,CORFIL,8,1,
OTL,4/13/25,B6,EROCIC,4,6,
OTL,4/13/25,B6,EPI-1,1,1,
OTL,4/13/25,B7,Bare,20,,
OTL,4/13/25,B7,Litter,4,,
OTL,4/13/25,B7,AVEBAR,3,3,
OTL,4/13/25,B7,BRODIA,4,2,
OTL,4/13/25,B7,BROHOR,3,5,
OTL,4/13/25,B7,CLAPUR,2,4,
OTL,4/13/25,B7,TORARV,18,1,
OTL,4/13/25,B7,MADGRA,4,2,
OTL,4/13/25,B7,GERDIS,5,7,
OTL,4/13/25,B7,DAUPUS,5,1,
OTL,4/13/25,B7,TRIHIR,1,2,
OTL,4/13/25,B8,Bare,4,,
OTL,4/13/25,B8,Litter,4,,
OTL,4/13/25,B8,AVEBAR,3,4,
OTL,4/13/25,B8,BRODIA,20,4,
OTL,4/13/25,B8,BROMAD,20,5,
OTL,4/13/25,B8,EROCIC,15,5,
OTL,4/13/25,B8,EPI-1,1,1,
OTL,4/13/25,B8,PHATAN,1,8,
OTL,4/13/25,B8,SALCOL,2,2,
OTL,4/13/25,B8,LACSER,1,1,
OTL,4/13/25,B8,BROARE,3,8,
OTL,4/13/25,F8,Bare,6,,
OTL,4/13/25,F8,Litter,0,,
OTL,4/13/25,F8,AVEBAR,12,4,
OTL,4/13/25,F8,BRODIA,12,2,
OTL,4/13/25,F8,BROHOR,2,5,
OTL,4/13/25,F8,VISCAT,5,5,
OTL,4/13/25,F8,GERDIS,1,5,
OTL,4/13/25,F8,MADGRA,5,1,
OTL,4/13/25,F8,DAUPUS,1,1,
OTL,4/13/25,F8,TORARV,1,1,
OTL,4/13/25,F8,CLAPUR,1,2,
OTL,4/13/25,F8,TRIHIR,2,1,
OTL,4/13/25,F8,EROBOT,1,5,
OTL,4/14/25,G1,Bare,10,,
OTL,4/14/25,G1,Litter,1,,
OTL,4/14/25,G1,AVEBAR,8,3,
OTL,4/14/25,G1,BRODIA,10,3,
OTL,4/14/25,G1,VISCAT,11,5,
OTL,4/14/25,G1,BROHOR,7,5,
OTL,4/14/25,G1,CLAPUR,2,4,
OTL,4/14/25,G1,TORARV,1,1,
OTL,4/14/25,G1,EROBOT,1,5,
OTL,4/14/25,G1,DAUPUS,1,1,
OTL,4/14/25,G1,GERDIS,2,5,
OTL,4/14/25,G1,TRIHIR,1,1,
OTL,4/14/25,G1,MADGRA,2,1,
OTL,4/14/25,G2,Bare,9,,
OTL,4/14/25,G2,Litter,1,,
OTL,4/14/25,G2,AVEBAR,2,4,
OTL,4/14/25,G2,BROMAD,5,5,
OTL,4/14/25,G2,BROHOR,1,5,
OTL,4/14/25,G2,BRODIA,4,2,
OTL,4/14/25,G2,ELYCAP,1,1,
OTL,4/14/25,G2,PLAERE,1,8,
OTL,4/14/25,G2,LUPBIC,20,6,
OTL,4/14/25,G2,HOLVIR,5,1,
OTL,4/14/25,G2,MICCAL,1,5,
OTL,4/14/25,G2,EROBOT,3,5,
OTL,4/14/25,G2,CLAPUR,1,1,
OTL,4/14/25,G2,UNK-CAR,1,1,
OTL,4/14/25,G2,TRIHIR,3,2,
OTL,4/14/25,G2,CENMEL,1,1,
OTL,4/14/25,G2,EPI-1,1,1,
OTL,4/13/25,F4,BROHOR,4,5,
OTL,4/13/25,F4,BROMAD,2,5,
OTL,4/13/25,F4,ELYCAP,4,1,
OTL,4/13/25,F4,PLAERE,7,6,
OTL,4/13/25,F4,CLAPUR,2,1,
OTL,4/13/25,F4,EROBOT,5,5,
OTL,4/13/25,F4,MICCAL,1,4,
OTL,4/13/25,F4,TRIHIR,1,1,
OTL,4/13/25,F5,Bare,20,,
OTL,4/13/25,F5,Litter,0,,
OTL,4/13/25,F5,AVEBAR,11,4,
OTL,4/13/25,F5,BRODIA,11,2,
OTL,4/13/25,F5,BROHOR,3,5,
OTL,4/13/25,F5,BROMAD,2,5,
OTL,4/13/25,F5,ELYCAP,4,1,
OTL,4/13/25,F5,PLAERE,2,5,
OTL,4/13/25,F5,CLAPUR,1,1,
OTL,4/13/25,F5,MICCAL,1,4,
OTL,4/13/25,F5,TRIHIR,2,2,
OTL,4/13/25,F5,EROBOT,1,5,
OTL,4/13/25,F5,LUPBIC,1,6,
OTL,4/13/25,F6,Bare,8,,
OTL,4/13/25,F6,Litter,2,,
OTL,4/13/25,F6,AVEBAR,5,4,
OTL,4/13/25,F6,AVEFAT,3,5,
OTL,4/13/25,F6,CORFIL,4,1,
OTL,4/13/25,F6,BRODIA,11,5,
OTL,4/13/25,F6,BROHOR,3,5,
OTL,4/13/25,F6,BROMAD,1,5,
OTL,4/13/25,F6,STIPUL,2,4,
OTL,4/13/25,F6,MICCAl,1,6,
OTL,4/13/25,F6,CENMEL,2,1,
OTL,4/13/25,F6,UNK-CAR,1,1,
OTL,4/13/25,F6,LACSER,1,1,
OTL,4/13/25,F6,EROCIC,1,5,
OTL,4/13/25,F6,ESCCAL,1,1,
OTL,4/13/25,F7,Bare,75,,
OTL,4/13/25,F7,Litter,0,,
OTL,4/13/25,F7,AVEBAR,8,4,
OTL,4/13/25,F7,BRODIA,3,2,
OTL,4/13/25,F7,BROMAD,2,5,
OTL,4/13/25,F7,AMSMEN,1,7,
OTL,4/13/25,F7,BROARE,2,8,
OTL,4/13/25,F7,UNK-CAR,1,1,
OTL,4/13/25,F7,LACSER,1,1,
OTL,4/14/25,G6,BROHOR,13,3,
OTL,4/14/25,G6,ESCCAL,9,4,
OTL,4/14/25,G6,MADGRA,21,2,
OTL,4/14/25,G6,SANBIP,2,5,
OTL,4/14/25,G6,GALPAR,6,5,
OTL,4/14/25,G6,CLAPUR,1,2,
OTL,4/14/25,G6,HYPGLA,5,2,
OTL,4/14/25,G6,LACSER,1,1,
OTL,4/14/25,G6,DAUPUS,1,0,
OTL,4/14/25,G6,AIRCAR,1,2,
OTL,4/14/25,G7,Bare,4,,
OTL,4/14/25,G7,Litter,0,,
OTL,4/14/25,G7,AVEBAR,3,3,
OTL,4/14/25,G7,BRODIA,4,2,
OTL,4/14/25,G7,BROHOR,10,3,
OTL,4/14/25,G7,AIRCAR,1,2,
OTL,4/14/25,G7,HYPGLA,3,2,
OTL,4/14/25,G7,DAUPUS,3,1,
OTL,4/14/25,G7,MADGRA,8,1,
OTL,4/14/25,G7,GALPAR,12,3,
OTL,4/14/25,G7,ESCCAL,4,4,
OTL,4/14/25,G7,UNK-CAR,2,1,
OTL,4/14/25,G7,DANCAL,1,1,
OTL,4/14/25,G7,CLAPUR,1,1,
OTL,4/14/25,G7,LACSER,1,1,
OTL,4/14/25,G8,Bare,9,,
OTL,4/14/25,G8,Litter,0,,
OTL,4/14/25,G8,AVEBAR,3,4,
OTL,4/14/25,G8,BRODIA,6,3,
OTL,4/14/25,G8,BROHOR,5,3,
OTL,4/14/25,G8,CLAPUR,1,4,
OTL,4/14/25,G8,TRIHIR,1,2,
OTL,4/14/25,G8,VISCAT,4,5,
OTL,4/14/25,G8,TORARV,5,1,
OTL,4/14/25,G8,MADGRA,7,1,
OTL,4/14/25,G8,GERDIS,1,6,
OTL,4/14/25,G8,DAUPUS,1,1,
OTL,4/14/25,G8,UNK-CAR,1,1,
OTL,4/14/25,G8,GALPAR,1,6,
OTL,4/14/25,G8,EROBOT,1,6,
OTL,4/14/25,G3,Bare,31,,
OTL,4/14/25,G3,Litter,5,,
OTL,4/14/25,G3,AVEBAR,1,3,
OTL,4/14/25,G3,BROHOR,3,5,
OTL,4/14/25,G3,BRODIA,5,6,
OTL,4/14/25,G3,BROMAD,2,9,
OTL,4/14/25,G3,STIPUL,6,4,
OTL,4/14/25,G3,CORFIL,6,1,
OTL,4/14/25,G3,MICCAL,1,6,
OTL,4/14/25,G3,CENMEL,1,1,
OTL,4/14/25,G3,LACSER,1,1,
OTL,4/14/25,G3,EPI-1,1,1,
OTL,4/14/25,G3,UNK-CAR,1,1,
OTL,4/14/25,G4,Bare,50,,
OTL,4/14/25,G4,Litter,1,1,
OTL,4/14/25,G4,AVEBAR,7,3,
OTL,4/14/25,G4,BRODIA,4,2,
OTL,4/14/25,G4,BROMAD,3,5,
OTL,4/14/25,G4,BROARE,2,8,
OTL,4/14/25,G4,EROCIC,1,6,
OTL,4/14/25,G4,AMSMEN,1,8,
OTL,4/14/25,G4,SALCOL,1,5,
OTL,4/14/25,G4,UNK-CAR,1,1,
OTL,4/14/25,G5,Bare,9,,
OTL,4/14/25,G5,Litter,1,,
OTL,4/14/25,G5,AVEBAR,3,4,
OTL,4/14/25,G5,BRODIA,11,2,
OTL,4/14/25,G5,BROHOR,1,5,
OTL,4/14/25,G5,BROMAD,1,5,
OTL,4/14/25,G5,UNK-CAR,1,1,
OTL,4/14/25,G5,PLAERE,3,8,
OTL,4/14/25,G5,TRIHIR,3,2,
OTL,4/14/25,G5,MICCAL,1,6,
OTL,4/14/25,G5,CLAPUR,1,2,
OTL,4/14/25,G5,ELYCAP,1,1,
OTL,4/14/25,G5,HOLVIR,1,1,
OTL,4/14/25,G5,LUPBIC,1,6,
OTL,4/14/25,G5,EROBOT,1,5,
OTL,4/14/25,G5,GALPAR,3,1,
OTL,4/14/25,G6,Bare,2,,
OTL,4/14/25,G6,Litter,0,,
OTL,4/14/25,G6,AVEBAR,5,3,
OTL,4/14/25,G6,BRODIA,5,2,
OTL,4/15/25,C4,BRODIA,11,4,
OTL,4/15/25,C4,BROHOR,4,5,
OTL,4/15/25,C4,MADGRA,8,4,
OTL,4/15/25,C4,TRIHIR,3,1,
OTL,4/15/25,C4,TORARV,5,1,
OTL,4/15/25,C4,VISCAT,4,1,
OTL,4/15/25,C4,EROBOT,3,6,
OTL,4/15/25,C4,CLAPUR,1,4,
OTL,4/15/25,C4,DAUPUS,1,1,
OTL,4/15/25,C4,EPi-1,1,1,
OTL,4/15/25,C4,GERDIS,1,6,
OTL,4/15/25,C5,Bare,10,,
OTL,4/15/25,C5,Litter,4,,
OTL,4/15/25,C5,AVEBAR,7,4,
OTL,4/15/25,C5,BRODIA,6,4,
OTL,4/15/25,C5,BROHOR,4,5,
OTL,4/15/25,C5,EROBOT,3,6,
OTL,4/15/25,C5,VISCAT,3,6,
OTL,4/15/25,C5,TRIHIR,2,4,
OTL,4/15/25,C5,CLAPUR,1,6,
OTL,4/15/25,C5,DAUPUS,1,4,
OTL,4/15/25,C5,TORARV,1,1,
OTL,4/15/25,C5,MADGRA,3,4,
OTL,4/15/25,C5,EPI-1,1,1,
OTL,4/15/25,C6,Bare,6,,
OTL,4/15/25,C6,Litter,8,,
OTL,4/15/25,C6,AVEBAR,25,5,
OTL,4/15/25,C6,BRODIA,7,4,
OTL,4/15/25,C6,BROMAD,2,7,
OTL,4/15/25,C6,BROARE,3,9,
OTL,4/15/25,C6,EROCIC,7,5,
OTL,4/15/25,C6,PHATAN,10,7,
OTL,4/15/25,C6,LUPMIC,2,7,
OTL,4/15/25,C6,MADGRA,1,5,
OTL,4/15/25,C6,ESCCAL,1,5,
OTL,4/15/25,C6,SALCOL,1,2,
OTL,4/15/25,C6,CAUCOU,1,10,
OTL,4/15/25,C6,BROHOR,1,5,
OTL,4/15/25,C6,EPI-1,1,1,
OTL,4/15/25,C7,Bare,25,,
OTL,4/15/25,C7,Litter,12,,
OTL,4/15/25,C7,AVEBAR,18,5,
OTL,4/15/25,C1,Bare,6,,
OTL,4/15/25,C1,Litter,11,,
OTL,4/15/25,C1,AVEBAR,5,5,
OTL,4/15/25,C1,BROHOR,3,5,
OTL,4/15/25,C1,BRODIA,9,2,
OTL,4/15/25,C1,BROMAD,1,6,
OTL,4/15/25,C1,ELYCAP,10,1,
OTL,4/15/25,C1,HOLVIR,6,1,
OTL,4/15/25,C1,TRIHIR,2,4,
OTL,4/15/25,C1,EROBOT,1,6,
OTL,4/15/25,C1,EPI-1,1,1,
OTL,4/15/25,C1,LUPBIC,1,9,
OTL,4/15/25,C1,LACSER,1,1,
OTL,4/15/25,C1,CLAPUR,1,2,
OTL,4/15/25,C1,MICCAL,1,7,
OTL,4/15/25,C2,Bare,40,,
OTL,4/15/25,C2,Litter,25,,
OTL,4/15/25,C2,AVEBAR,8,5,
OTL,4/15/25,C2,AVEFAT,2,6,
OTL,4/15/25,C2,BRODIA,7,8,
OTL,4/15/25,C2,BROHOR,2,5,
OTL,4/15/25,C2,BROMAD,2,6,
OTL,4/15/25,C2,CENMEL,8,2,
OTL,4/15/25,C2,CORFIL,6,1,
OTL,4/15/25,C2,MICCAL,1,7,
OTL,4/15/25,C2,STIPUL,2,4,
OTL,4/15/25,C2,EPI-1,1,1,
OTL,4/15/25,C2,EROCIC,2,5,
OTL,4/15/25,C3,Bare,12,,
OTL,4/15/25,C3,Litter,5,,
OTL,4/15/25,C3,AVEBAR,8,4,
OTL,4/15/25,C3,BROHOR,9,4,
OTL,4/15/25,C3,BRODIA,27,3,
OTL,4/15/25,C3,MADGRA,3,1,
OTL,4/15/25,C3,ESCCAL,2,1,
OTL,4/15/25,C3,DAUPUS,1,1,
OTL,4/15/25,C3,EPI-1,1,1,
OTL,4/15/25,C3,CLAPUR,1,2,
OTL,4/15/25,C3,GALPAR,1,8,
OTL,4/15/25,C3,LASCER,1,1,
OTL,4/15/25,C4,Bare,12,,
OTL,4/15/25,C4,Litter,9,,
OTL,4/15/25,C4,AVEBAR,8,5,
OTL,4/15/25,D2,BROHOR,8,5,
OTL,4/15/25,D2,FROBOT,2,5,
OTL,4/15/25,D2,VISCAT,5,1,
OTL,4/15/25,D2,GERDIS,9,5,
OTL,4/15/25,D2,MADGRA,2,1,
OTL,4/15/25,D2,DAUPUS,1,1,
OTL,4/15/25,D2,EPI-1,1,1,
OTL,4/15/25,D2,TORARV,1,1,
OTL,4/15/25,D2,CLAPUR,1,2,
OTL,4/15/25,D2,LASCER,1,1,
OTL,4/15/25,D2,TRIHIR,1,1,
OTL,4/15/25,D3,Bare,11,,
OTL,4/15/25,D3,Litter,1,,
OTL,4/15/25,D3,AVEBAR,25,5,
OTL,4/15/25,D3,BRODIA,2,4,
OTL,4/15/25,D3,BROARE,3,9,
OTL,4/15/25,D3,BROMAD,2,7,
OTL,4/15/25,D3,LUPMIC,27,6,
OTL,4/15/25,D3,EROCIC,6,5,
OTL,4/15/25,D3,AMSMEN,1,8,
OTL,4/15/25,D3,BROHOR,1,2,
OTL,4/15/25,D3,HYPGLA,2,1,
OTL,4/15/25,D3,EPI-1,1,1,
OTL,4/15/25,D3,ESCCAL,2,1,
OTL,4/15/25,D3,PHATAN,2,8,
OTL,4/15/25,D3,SALCOL,1,4,
OTL,4/15/25,D3,GALPAR,1,2,
OTL,4/15/25,D4,Bare,25,,
OTL,4/15/25,D4,Litter,1,,
OTL,4/15/25,D4,AVEBAR,7,4,
OTL,4/15/25,D4,BROHOR,1,4,
OTL,4/15/25,D4,BRODIA,3,2,
OTL,4/15/25,D4,BROMAD,2,5,
OTL,4/15/25,D4,LUPBIC,7,6,
OTL,4/15/25,D4,TRIHIR,6,2,
OTL,4/15/25,D4,HOLVIR,1,1,
OTL,4/15/25,D4,ELYCAP,6,1,
OTL,4/15/25,D4,CLAPUR,1,1,
OTL,4/15/25,D4,PLAERE,1,7,
OTL,4/15/25,D4,EPI-1,1,1,
OTL,4/15/25,D4,MICCAL,1,6,
OTL,4/15/25,D4,EROBOT,2,4,
OTL,4/15/25,D4,UNK-2,1,"10, 8:58AM",
OTL,4/15/25,C7,BRODIA,9,15,
OTL,4/15/25,C7,BROMAD,2,9,
OTL,4/15/25,C7,BROARE,3,9,
OTL,4/15/25,C7,BROHOR,1,5,
OTL,4/15/25,C7,EROCIC,5,5,
OTL,4/15/25,C7,AMSMEN,1,10,
OTL,4/15/25,C7,EPI-1,1,1,
OTL,4/15/25,C7,PHATAN,2,6,
OTL,4/15/25,C7,GALPAR,1,1,
OTL,4/15/25,C7,LACSER,1,1,
OTL,4/15/25,C7,SALCOL,1,2,
OTL,4/15/25,C7,ESCCAL,1,8,
OTL,4/15/25,C8,Bare,11,,
OTL,4/15/25,C8,Litter,1,,
OTL,4/15/25,C8,AVEBAR,10,4,
OTL,4/15/25,C8,BRODIA,4,3,
OTL,4/15/25,C8,BROHOR,3,3,
OTL,4/15/25,C8,MADGRA,5,1,
OTL,4/15/25,C8,HYPGLA,5,2,
OTL,4/15/25,C8,LACSER,1,1,
OTL,4/15/25,C8,GALPAR,1,5,
OTL,4/15/25,C8,CLAPUR,1,2,
OTL,4/15/25,C8,ESCCAL,9,1,
OTL,4/15/25,C8,DAUPUS,1,1,
OTL,4/15/25,C8,EPI-1,1,1,
OTL,4/15/25,D1,Bare,1,,
OTL,4/15/25,D1,Litter,0,,
OTL,4/15/25,D1,AVEBAR,12,4,
OTL,4/15/25,D1,BRODIA,25,2,
OTL,4/15/25,D1,BROHOR,2,2,
OTL,4/15/25,D1,ESCCAL,12,4,
OTL,4/15/25,D1,PLANOT,5,5,
OTL,4/15/25,D1,EPI-1,1,1,
OTL,4/15/25,D1,GALPAR,5,5,
OTL,4/15/25,D1,DAUPUS,2,1,
OTL,4/15/25,D1,CLAPUR,1,2,
OTL,4/15/25,D1,MADGRA,2,1,
OTL,4/15/25,D1,HYPGLA,1,2,
OTL,4/15/25,D1,AIRCAR,1,2,
OTL,4/15/25,D2,Bare,3,,
OTL,4/15/25,D2,Litter,0,,
OTL,4/15/25,D2,AVEBAR,5,4,
OTL,4/15/25,D2,BRODIA,10,2,
OTL,4/15/25,D8,Bare,20,,
OTL,4/15/25,D8,Litter,3,,
OTL,4/15/25,D8,AVEBAR,2,5,
OTL,4/15/25,D8,AVEFAT,2,5,
OTL,4/15/25,D8,BRODIA,3,5,
OTL,4/15/25,D8,BROHOR,4,5,
OTL,4/15/25,D8,BROMAD,0,,
OTL,4/15/25,D8,STIPUL,10,4,
OTL,4/15/25,D8,ESCCAL,1,1,
OTL,4/15/25,D8,CORFIL,25,1,
OTL,4/15/25,D8,EPI-1,1,1,
OTL,4/15/25,D8,CENMEL,1,1,
OTL,4/15/25,D8,MICCAL,1,6,
OTL,4/15/25,A1,Bare,12,,
OTL,4/15/25,A1,Litter,8,,
OTL,4/15/25,A1,AVEBAR,20,4,
OTL,4/15/25,A1,BRODIA,8,2,
OTL,4/15/25,A1,BROHOR,5,4,
OTL,4/15/25,A1,CLAPUR,1,6,
OTL,4/15/25,A1,PLATNOT,1,6,
OTL,4/15/25,A1,MADGRA,10,1,
OTL,4/15/25,A1,EPI-1,1,1,
OTL,4/15/25,A1,HYPGLA,7,4,
OTL,4/15/25,A1,ESCCAL,1,1,
OTL,4/15/25,A1,GALPAR,2,4,
OTL,4/15/25,A1,DAUPUS,1,1,
OTL,4/15/25,A1,ELYCAP,1,2,
OTL,4/15/25,A1,LACSER,1,1,
OTL,4/15/25,A2,Bare,20,,
OTL,4/15/25,A2,Litter,15,,
OTL,4/15/25,A2,AVEBAR,7,5,
OTL,4/15/25,A2,BRODIA,2,5,
OTL,4/15/25,A2,BROMAD,3,9,
OTL,4/15/25,A2,BROARE,7,10,
OTL,4/15/25,A2,EROCIC,10,5,
OTL,4/15/25,A2,SALCOL,1,8,
OTL,4/15/25,A2,EPI-1,1,1,
OTL,4/15/25,A2,PHATAN,1,9,
OTL,4/15/25,A2,BROHOR,1,5,
OTL,4/15/25,A2,LACSER,1,1,
OTL,4/15/25,A2,AMSMEN,1,10,
OTL,4/15/25,A2,MADGRA,2,1,
OTL,4/15/25,A2,HYPGLA,1,5,
OTL,4/15/25,D5,Bare,6,,
OTL,4/15/25,D5,Litter,2,,
OTL,4/15/25,D5,AVEBAR,4,4,
OTL,4/15/25,D5,BROMAD,3,6,
OTL,4/15/25,D5,BRODIA,8,5,
OTL,4/15/25,D5,BROARE,5,8,
OTL,4/15/25,D5,EROCIC,10,5,
OTL,4/15/25,D5,LUPMIC,15,6,
OTL,4/15/25,D5,AMSMEN,1,6,
OTL,4/15/25,D5,ESCCAL,3,1,
OTL,4/15/25,D5,EPI-1,1,1,
OTL,4/15/25,D5,BROHOR,1,2,
OTL,4/15/25,D5,UNK-2,1,1,
OTL,4/15/25,D5,PHATAN,1,8,
OTL,4/15/25,D5,LUPSUC,1,"1, arrested fls",
OTL,4/15/25,D5,SALCOL,1,5,
OTL,4/15/25,D6,Bare,10,,
OTL,4/15/25,D6,Litter,2,,
OTL,4/15/25,D6,AVEBAR,10,,
OTL,4/15/25,D6,BRODIA,3,3,
OTL,4/15/25,D6,BROHOR,4,4,
OTL,4/15/25,D6,VISCAT,15,1,
OTL,4/15/25,D6,CLAPUR,2,4,
OTL,4/15/25,D6,TRIHIR,1,1,
OTL,4/15/25,D6,GERDIS,1,6,
OTL,4/15/25,D6,EROBOT,2,5,
OTL,4/15/25,D6,EPI-1,1,1,
OTL,4/15/25,D6,UNK-2,1,1,
OTL,4/15/25,D6,DAUPUS,1,1,
OTL,4/15/25,D6,TORARV,3,1,
OTL,4/15/25,D6,MADGRA,1,1,
OTL,4/15/25,D7,Bare,8,,
OTL,4/15/25,D7,Litter,2,,
OTL,4/15/25,D7,AVEFAT,4,5,
OTL,4/15/25,D7,AVEBAR,5,5,
OTL,4/15/25,D7,BROHOR,2,5,
OTL,4/15/25,D7,BRODIA,25,6,
OTL,4/15/25,D7,BROMAD,1,5,
OTL,4/15/25,D7,CORFIL,6,1,
OTL,4/15/25,D7,STIPUL,4,4,
OTL,4/15/25,D7,CENMEL,2,1,
OTL,4/15/25,D7,LACSER,1,1,
OTL,4/15/25,D7,EPI-1,1,1,
OTL,4/15/25,D7,ESCCAL,2,1,
OTL,4/15/25,D7,EROCIC,1,5,
OTL,4/15/25,D7,MICCAL,1,7,
OTL,4/15/25,A6,BRODIA,25,8,
OTL,4/15/25,A6,CENMEL,1,2,
OTL,4/15/25,A6,CORFIL,10,1,
OTL,4/15/25,A6,EPI-1,1,1,
OTL,4/15/25,A6,STIPUL,4,5,
OTL,4/15/25,A6,MICCAL,1,9,
OTL,4/15/25,A7,Bare,6,,
OTL,4/15/25,A7,Litter,25,,
OTL,4/15/25,A7,Bindweed,1,,
OTL,4/15/25,A7,AVEFAT,1,10,
OTL,4/15/25,A7,BRODIA,30,7,
OTL,4/15/25,A7,BROHOR,1,5,
OTL,4/15/25,A7,BROMAD,1,8,
OTL,4/15/25,A7,STIPUL,4,4,
OTL,4/15/25,A7,CORFIL,15,1,
OTL,4/15/25,A7,CENMEL,2,2,
OTL,4/15/25,A7,EPI-1,1,1,
OTL,4/15/25,A8,Bare,13,,
OTL,4/15/25,A8,Litter,5,,
OTL,4/15/25,A8,AVEBAR,8,5,
OTL,4/15/25,A8,BROHOR,4,5,
OTL,4/15/25,A8,BROMAD,2,5,
OTL,4/15/25,A8,BRODIA,5,5,
OTL,4/15/25,A8,MICCAL,1,7,
OTL,4/15/25,A8,TRIHIR,1,5,
OTL,4/15/25,A8,LUPBIC,4,6,
OTL,4/15/25,A8,CLAPUR,1,2,
OTL,4/15/25,A8,HOLVIR,4,1,
OTL,4/15/25,A8,EPI-1,1,1,
OTL,4/15/25,A8,PLAERE,1,9,
OTL,4/15/25,A8,EROBOT,3,5,
OTL,4/15/25,A8,ELYCAP,12,2,
OTL,4/15/25,A8,LACSER,1,1,
OTL,4/15/25,A8,HYPGLA,2,1,
OTL,4/15/25,H1,Bare,20,,
OTL,4/15/25,H1,Litter,8,,
OTL,4/15/25,H1,AVEBAR,1,5,
OTL,4/15/25,H1,BRODIA,10,5,
OTL,4/15/25,H1,BROHOR,2,5,
OTL,4/15/25,H1,BROMAD,4,8,
OTL,4/15/25,H1,MICCAL,2,7,
OTL,4/15/25,H1,CORFIL,6,1,
OTL,4/15/25,H1,CENMEL,1,1,
OTL,4/15/25,A3,Bare,30,,
OTL,4/15/25,A3,Litter,5,,
OTL,4/15/25,A3,AVEBAR,12,4,
OTL,4/15/25,A3,BRODIA,2,2,
OTL,4/15/25,A3,BROHOR,1,5,
OTL,4/15/25,A3,EROBOT,3,6,
OTL,4/15/25,A3,VISCAT,2,1,
OTL,4/15/25,A3,MADGRA,5,2,
OTL,4/15/25,A3,DAUPUS,1,1,
OTL,4/15/25,A3,EPI-1,1,1,
OTL,4/15/25,A3,HYPGLA,1,1,
OTL,4/15/25,A3,LACSER,1,1,
OTL,4/15/25,A3,CLAPUR,1,5,
OTL,4/15/25,A4,Bare,30,,
OTL,4/15/25,A4,Litter,20,,
OTL,4/15/25,A4,AVEBAR,12,5,
OTL,4/15/25,A4,BRODIA,4,5,
OTL,4/15/25,A4,BROARE,6,10,
OTL,4/15/25,A4,BROMAD,2,10,
OTL,4/15/25,A4,AMSMEN,3,10,
OTL,4/15/25,A4,EPI-1,1,1,
OTL,4/15/25,A4,EROCIC,2,5,
OTL,4/15/25,A4,LACSER,1,1,
OTL,4/15/25,A4,BROHOR,1,5,
OTL,4/15/25,A4,SALCOL,1,4,
OTL,4/15/25,A5,Bare,25,,
OTL,4/15/25,A5,Litter,10,,
OTL,4/15/25,A5,AVEBAR,12,4,
OTL,4/15/25,A5,BROHOR,2,6,
OTL,4/15/25,A5,BRODIA,4,2,
OTL,4/15/25,A5,BROMAD,2,5,
OTL,4/15/25,A5,PLAERE,1,10,
OTL,4/15/25,A5,HOLVIR,2,1,
OTL,4/15/25,A5,EPI-1,1,1,
OTL,4/15/25,A5,CLAPUR,2,5,
OTL,4/15/25,A5,ELYCAP,4,1,
OTL,4/15/25,A5,TRIHIR,1,1,
OTL,4/15/25,A5,LACSER,1,1,
OTL,4/15/25,A6,Bare,25,,
OTL,4/15/25,A6,Litter,25,,
OTL,4/15/25,A6,AVEBAR,1,5,
OTL,4/15/25,A6,BROHOR,1,6,
OTL,4/15/25,A6,BROMAD,2,8,
OTL,4/15/25,H5,Bare,2,,
OTL,4/15/25,H5,Litter,0,,
OTL,4/15/25,H5,AVEBAR,4,4,
OTL,4/15/25,H5,BRODIA,5,3,
OTL,4/15/25,H5,BROHOR,2,4,
OTL,4/15/25,H5,VISCAT,20,1,
OTL,4/15/25,H5,TORARV,10,1,
OTL,4/15/25,H5,CLAPUR,1,4,
OTL,4/15/25,H5,LUPBIC,3,5,
OTL,4/15/25,H5,GERDIS,2,8,
OTL,4/15/25,H5,TRIHIR,11,2,
OTL,4/15/25,H5,UNK-CAR,6,1,
OTL,4/15/25,H5,MADGRA,10,2,
OTL,4/15/25,H5,DAUPUS,1,1,
OTL,4/15/25,H5,EPI-1,1,1,
OTL,4/15/25,H5,EROBOT,2,5,
OTL,4/15/25,H6,Bare,1,,
OTL,4/15/25,H6,Litter,0,,
OTL,4/15/25,H6,AVEBAR,3,3,
OTL,4/15/25,H6,BRODIA,4,2,
OTL,4/15/25,H6,BROHOR,2,4,
OTL,4/15/25,H6,HYPGLA,25,2,
OTL,4/15/25,H6,UNK-CARE,4,1,
OTL,4/15/25,H6,ESCCAL,25,4,
OTL,4/15/25,H6,MADGRA,3,3,
OTL,4/15/25,H6,CLAPUR,1,2,
OTL,4/15/25,H6,AIRCAR,1,2,
OTL,4/15/25,H6,GALPAR,1,1,
OTL,4/15/25,H6,DAUPUS,1,1,
OTL,4/15/25,H6,DANCAL,1,1,
OTL,4/15/25,H6,SANBIP,1,1,
OTL,4/15/25,H6,EPI-1,1,1,
OTL,4/15/25,H7,Bare,7,,
OTL,4/15/25,H7,Litter,0,,
OTL,4/15/25,H7,AVEBAR,1,5,
OTL,4/15/25,H7,BRODIA,4,2,
OTL,4/15/25,H7,BROHOR,2,5,
OTL,4/15/25,H7,BROMAD,1,5,
OTL,4/15/25,H7,PLAERE,5,6,
OTL,4/15/25,H7,EROBOT,10,5,
OTL,4/15/25,H7,LUPBIC,4,6,
OTL,4/15/25,H7,CLAPUR,2,2,
OTL,4/15/25,H7,HOLVIR,7,1,
OTL,4/15/25,H7,TRIHIR,1,2,
OTL,4/15/25,H7,ELYCAP,0,,
OTL,4/15/25,H7,MICCAL,1,6,
OTL,4/15/25,H7,UNK-CAR 1,3,1,
OTL,4/15/25,H1,EROCIC,1,8,
OTL,4/15/25,H1,STIPUL,3,2,
OTL,4/15/25,H2,Bare,10,,
OTL,4/15/25,H2,Litter,2,,
OTL,4/15/25,H2,AVEBAR,3,4,
OTL,4/15/25,H2,BRODIA,4,4,
OTL,4/15/25,H2,BROHOR,7,3,
OTL,4/15/25,H2,ESCCAL,18,5,
OTL,4/15/25,H2,LACSER,1,1,
OTL,4/15/25,H2,HYPGLA,2,3,
OTL,4/15/25,H2,SANBIP,1,1,
OTL,4/15/25,H2,MADGRA,2,1,
OTL,4/15/25,H2,DAUPUS,2,1,
OTL,4/15/25,H2,CLAPUR,1,2,
OTL,4/15/25,H2,GALPAR,1,5,
OTL,4/15/25,H2,EPI-1,1,1,
OTL,4/15/25,H3,Bare,28,,
OTL,4/15/25,H3,Litter,1,,
OTL,4/15/25,H3,AVEBAR,1,3,
OTL,4/15/25,H3,BRODIA,2,5,
OTL,4/15/25,H3,BROMAD,1,5,
OTL,4/15/25,H3,BROARE,1,10,
OTL,4/15/25,H3,LUPMIC,45,6,
OTL,4/15/25,H3,EROCIC,5,5,
OTL,4/15/25,H3,SALCOL,1,6,
OTL,4/15/25,H3,LUPSUC,2,7,
OTL,4/15/25,H3,UNK-CAR,6,1,
OTL,4/15/25,H3,PHATAN,1,8,
OTL,4/15/25,H4,Bare,10,,
OTL,4/15/25,H4,Litter,1,,
OTL,4/15/25,H4,AVEBAR,5,3,
OTL,4/15/25,H4,BRODIA,4,2,
OTL,4/15/25,H4,BROHOR,4,4,
OTL,4/15/25,H4,BROMAD,1,5,
OTL,4/15/25,H4,PLAERE,5,8,
OTL,4/15/25,H4,ELYCAP,3,1,
OTL,4/15/25,H4,LUPBIC,10,6,
OTL,4/15/25,H4,EROBOT,2,5,
OTL,4/15/25,H4,MICCAL,1,5,
OTL,4/15/25,H4,HOLVIR,5,1,
OTL,4/15/25,H4,TRIHIR,3,2,
OTL,4/15/25,H4,CLAPUR,1,2,
OTL,4/15/25,H4,GALPAR,1,1,
OTL,4/15/25,H4,UNK-CAR,1,1,
OTL,4/15/25,H4,HYPGLA,1,2,
OTL,4/15/25,I3,EPI-1,1,1,
OTL,4/15/25,I3,EROCIC,2,5,
OTL,4/15/25,I3,GALPAR,1,1,
OTL,4/15/25,I3,SALCOL,1,2,
OTL,4/15/25,I4,Bare,7,,
OTL,4/15/25,I4,Litter,4,,
OTL,4/15/25,I4,AVEBAR,5,5,
OTL,4/15/25,I4,BRODIA,7,5,
OTL,4/15/25,I4,BROHOR,8,5,
OTL,4/15/25,I4,GERDIS,4,7,
OTL,4/15/25,I4,EROBOT,5,5,
OTL,4/15/25,I4,MADGRA,5,4,
OTL,4/15/25,I4,VISCAT,2,1,
OTL,4/15/25,I4,CLAPUR,1,5,
OTL,4/15/25,I4,DAUPUS,1,1,
OTL,4/15/25,I4,HYPGLA,1,2,
OTL,4/15/25,I4,EPI-1,1,1,
OTL,4/15/25,I5,Bare,25,,
OTL,4/15/25,I5,Litter,9,,
OTL,4/15/25,I5,AVEBAR,4,5,
OTL,4/15/25,I5,BRODIA,4,2,
OTL,4/15/25,I5,BROHOR,2,4,
OTL,4/15/25,I5,MADGRA,2,1,
OTL,4/15/25,I5,CLAPUR,1,2,
OTL,4/15/25,I5,ESCCAL,1,1,
OTL,4/15/25,I5,GALPAR,1,1,
OTL,4/15/25,I5,EPI-1,1,1,
OTL,4/15/25,I5,DAUPUS,1,1,
OTL,4/15/25,I5,AVEFAT,2,5,
OTL,4/15/25,I6,Bare,20,,
OTL,4/15/25,I6,Litter,8,,
OTL,4/15/25,I6,AVEBAR,5,5,
OTL,4/15/25,I6,AVEFAT,2,5,
OTL,4/15/25,I6,BRODIA,6,5,
OTL,4/15/25,I6,BROHOR,8,5,
OTL,4/15/25,I6,MADGRA,18,1,
OTL,4/15/25,I6,CLAPUR,1,4,
OTL,4/15/25,I6,EPI-1,1,1,
OTL,4/15/25,I6,GALPAR,3,8,
OTL,4/15/25,I6,HYPGLA,5,5,
OTL,4/15/25,I6,DAUPUS,1,4,
OTL,4/15/25,I7,Bare,20,,
OTL,4/15/25,I7,Litter,5,,
OTL,4/15/25,H8,Bare,5,,
OTL,4/15/25,H8,Litter,5,,
OTL,4/15/25,H8,AVEFAT,4,6,
OTL,4/15/25,H8,AVEBAR,1,5,
OTL,4/15/25,H8,BRODIA,15,7,
OTL,4/15/25,H8,BROHOR,5,5,
OTL,4/15/25,H8,BROMAD,1,5,
OTL,4/15/25,H8,STIPUL,2,2,
OTL,4/15/25,H8,ESCCAL,4,5,
OTL,4/15/25,H8,CORFIL,10,1,
OTL,4/15/25,H8,CENMEL,1,1,
OTL,4/15/25,H8,MICCAL,1,7,
OTL,4/15/25,I1,Bare,15,,
OTL,4/15/25,I1,Litter,20,,
OTL,4/15/25,I1,AVEBAR,15,5,
OTL,4/15/25,I1,BRODIA,10,5,
OTL,4/15/25,I1,BROHOR,2,1,
OTL,4/15/25,I1,VISCAT,5,4,
OTL,4/15/25,I1,MADGRA,1,1,
OTL,4/15/25,I1,EPI-1,1,1,
OTL,4/15/25,I1,TRIHIR,1,1,
OTL,4/15/25,I1,CLAPUR,1,6,
OTL,4/15/25,I1,EROBOT,2,5,
OTL,4/15/25,I1,TORARV,1,1,
OTL,4/15/25,I2,Bare,18,,
OTL,4/15/25,I2,Litter,12,,
OTL,4/15/25,I2,AVEFAT,3,7,
OTL,4/15/25,I2,AVEBAR,2,5,
OTL,4/15/25,I2,BRODIA,10,7,
OTL,4/15/25,I2,BROHOR,5,6,
OTL,4/15/25,I2,BROMAD,10,9,
OTL,4/15/25,I2,CENMEL,3,2,
OTL,4/15/25,I2,EPI-1,1,1,
OTL,4/15/25,I2,STIPUL,1,1,
OTL,4/15/25,I2,CORFIL,2,1,
OTL,4/15/25,I2,MICCAL,1,7,
OTL,4/15/25,I2,ELYCAP,1,2,
OTL,4/15/25,I3,Bare,12,,
OTL,4/15/25,I3,Litter,6,,
OTL,4/15/25,I3,AVEBAR,25,4,
OTL,4/15/25,I3,BRODIA,6,3,
OTL,4/15/25,I3,BROMAD,2,8,
OTL,4/15/25,I3,BROHOR,4,4,
OTL,4/15/25,I3,BROARE,2,10,
OTL,4/16/25,I7,AVEBAR,3,5,
OTL,4/16/25,I7,BROMAD,4,5,
OTL,4/16/25,I7,BROHOR,8,5,
OTL,4/16/25,I7,BRODIA,18,2,
OTL,4/16/25,I7,LUPBIC,10,7,
OTL,4/16/25,I7,EPI-1,1,1,
OTL,4/16/25,I7,MICCAL,1,6,
OTL,4/16/25,I7,ELYCAP,11,1,
OTL,4/16/25,I7,TRIHIR,1,1,
OTL,4/16/25,I7,CLAPUR,1,1,
OTL,4/16/25,I7,HOLVIR,1,1,
OTL,4/16/25,I7,PLAERE,1,7,
OTL,4/16/25,I7,AVEFAT,3,6,
OTL,4/16/25,I7,LACSER,1,1,
OTL,4/16/25,I8,Bare,8,,
OTL,4/16/25,I8,Litter,5,,
OTL,4/16/25,I8,AVEBAR,3,,
OTL,4/16/25,I8,BROHOR,25,5,
OTL,4/16/25,I8,BRODIA,0,,
OTL,4/16/25,I8,EPI-1,1,1,
OTL,4/16/25,I8,DAUPUS,1,1,
OTL,4/16/25,I8,MADGRA,14,,
OTL,4/16/25,I8,GALPAR,7,8,
OTL,4/16/25,I8,HYPGLA,2,2,
OTL,4/16/25,I8,SANBIP,1,1,
OTL,4/16/25,I8,CLAPUR,1,1,
OTL,4/16/25,I8,AIRCAR,1,2,
OTL,4/16/25,J1,Bare,20,,
OTL,4/16/25,J1,Litter,15,,
OTL,4/16/25,J1,AVEBAR,13,4,
OTL,4/16/25,J1,BROHOR,7,5,
OTL,4/16/25,J1,BRODIA,4,4,
OTL,4/16/25,J1,CLAPUR,1,6,
OTL,4/16/25,J1,DAUPUS,1,1,
OTL,4/16/25,J1,MADGRA,4,4,
OTL,4/16/25,J1,VISCAT,2,1,
OTL,4/16/25,J1,LUPBIC,1,1,
OTL,4/16/25,J1,TRIHIR,1,1,
OTL,4/16/25,J1,GALPAR,1,8,
OTL,4/16/25,J1,TORARV,1,1,
OTL,4/16/25,J1,GERDIS,1,7,
OTL,4/16/25,J1,EROBOT,1,8,
OTL,4/16/25,J2,Bare,5,,
OTL,4/16/25,J2,Litter,5,,
OTL,4/16/25,J2,AVEBAR,20,4,
OTL,4/16/25,J2,BRODIA,5,2,
OTL,4/16/25,J2,BROHOR,12,4,
OTL,4/16/25,J2,ESCCAL,25,4,
OTL,4/16/25,J2,GALPAR,6,8,
OTL,4/16/25,J2,CLAPUR,1,2,
OTL,4/16/25,J2,MADGRA,3,1,
OTL,4/16/25,J2,EPI-1,1,1,
OTL,4/16/25,J2,HYPGLA,3,1,
OTL,4/16/25,J2,LACSER,1,1,
OTL,4/16/25,J3,Bare,35,,
OTL,4/16/25,J3,Litter,6,,
OTL,4/16/25,J3,AVEBAR,7,5,
OTL,4/16/25,J3,BRODIA,7,2,
OTL,4/16/25,J3,BROHOR,2,5,
OTL,4/16/25,J3,BROMAD,2,2,
OTL,4/16/25,J3,HOLVIR,2,1,
OTL,4/16/25,J3,GALPAR,1,1,
OTL,4/16/25,J3,EPI-1,1,1,
OTL,4/16/25,J3,CLAPUR,1,2,
OTL,4/16/25,J3,ELYCAP,5,1,
OTL,4/16/25,J3,PLAERE,1,9,
OTL,4/16/25,J4,Bare,15,,
OTL,4/16/25,J4,Litter,20,,
OTL,4/16/25,J4,AVEBAR,20,4,
OTL,4/16/25,J4,BROMAD,3,6,
OTL,4/16/25,J4,BRODIA,20,5,
OTL,4/16/25,J4,EROCIC,5,5,
OTL,4/16/25,J4,SALCOL,1,5,
OTL,4/16/25,J4,BROARE,2,9,
OTL,4/16/25,J5,Bare,10,,
OTL,4/16/25,J5,Litter,20,,
OTL,4/16/25,J5,AVEBAR,10,,
OTL,4/16/25,J5,AVEFAT,2,8,
OTL,4/16/25,J5,BRODIA,10,8,
OTL,4/16/25,J5,BROHOR,4,7,
OTL,4/16/25,J5,BROMAD,6,9,
OTL,4/16/25,J5,CENMEL,9,2,
OTL,4/16/25,J5,CORFIL,8,1,
OTL,4/16/25,J5,STIPUL,3,1,
OTL,4/16/25,J5,EPI-1,1,1,
OTL,4/16/25,J6,Bare,15,,
OTL,4/16/25,J6,Litter,15,,
OTL,4/16/25,J6,AVEBAR,17,4,
OTL,4/16/25,J6,BROHOR,6,6,
OTL,4/16/25,J6,BRODIA,4,6,
OTL,4/16/25,J6,BROMAD,2,5,
OTL,4/16/25,J6,CLAPUR,1,6,
OTL,4/16/25,J6,HOLVIR,7,1,
OTL,4/16/25,J6,UNKCAR,3,1,
OTL,4/16/25,J6,PLAERE,1,10,
OTL,4/16/25,J6,MICCAL,1,10,
OTL,4/16/25,J7,Bare,50,,
OTL,4/16/25,J7,Litter,7,,
OTL,4/16/25,J7,AVEBAR,7,5,
OTL,4/16/25,J7,BRODIA,4,4,
OTL,4/16/25,J7,BROMAD,2,5,
OTL,4/16/25,J7,BROARE,3,9,
OTL,4/16/25,J7,EROCIC,2,6,
OTL,4/16/25,J7,UNKCAR,4,1,
OTL,4/16/25,J7,SALCOL,1,6,
OTL,4/16/25,J7,ESCCAL,1,1,
OTL,4/16/25,J7,AMSMEN,2,7,
OTL,4/16/25,J8,Bare,19,,
OTL,4/16/25,J8,Litter,13,,
OTL,4/16/25,J8,AVEFAT,1,9,
OTL,4/16/25,J8,AVEBAR,3,5,
OTL,4/16/25,J8,BRODIA,15,7,
OTL,4/16/25,J8,BROHOR,3,6,
OTL,4/16/25,J8,BROMAD,2,8,
OTL,4/16/25,J8,STIPUL,10,4,
OTL,4/16/25,J8,CENMEL,6,2,
OTL,4/16/25,J8,ESCCAL,5,1,
OTL,4/16/25,J8,MICCAL,1,8,
OTL,4/16/25,J8,CORFIL,6,1,
ACR,5/18/22,1,JUNCUS,2,bu-fl.fir,
ACR,5/18/22,1,BROHOR,9,"fl, C",
ACR,5/18/22,1,PURPLE BORAGE,1,bu-fl. C,
ACR,5/18/22,1,GALOM,4,"veg, might be 2 galiums, C",
ACR,5/18/22,1,BABYS BREATH,3,"fl, C",
ACR,5/18/22,1,SANICO,5,"not bipinna, less toothy, veg",
ACR,5/18/22,1,CLARKA,2,veg,
ACR,5/18/22,1,APHANES,1,veg?,
ACR,5/18/22,1,HAIRY GRASS,45,"bud-fl, C",
ACR,5/18/22,1,FUZZY DANDELION,1,fl,
ACR,5/18/22,1,TRIFOLIUM,2,"bud-fl-fr, C",
ACR,5/18/22,1,UNK CARROT-1,1,veg,
ACR,5/18/22,1,BRIZA MINOR,1,fl-fr,
ACR,5/18/22,1,SANBID,2,"bipinnatitida, fl, C",
ACR,5/18/22,1,ACMISPON,3,"pink/white fl, fl, C",
ACR,5/18/22,1,STRAPPY BULB,2,"probably dicap, veg",
ACR,5/18/22,1,FUZZY TRIFOLIUM,1,"fl, cup-like",
ACR,5/18/22,1,LItter,5,,
ACR,5/18/22,1,RO,0,,
ACR,5/18/22,1,BG,0,,
ACR,5/18/22,2,JUNCUS ,1,,
ACR,5/18/22,2,BROHOR,8,,
ACR,5/18/22,2,HAIM GRASS,25,,
ACR,5/18/22,2,SANICULA,5,,
ACR,5/18/22,2,TRITOL SKINNY,3,,
ACR,5/18/22,2,PURPLE BOR,1,,
ACR,5/18/22,2,GALIUM,2,,
ACR,5/18/22,2,BRIZA MINOR,1,,
ACR,5/18/22,2,LUPBIC,1,C,
ACR,5/18/22,2,FUZZY TRI,1,"pink, C",
ACR,5/18/22,2,SANBIP,4,,
ACR,5/18/22,2,BABYS BREATH,1,,
ACR,5/18/22,2,ACMISPON ,1,,
ACR,5/18/22,2,HYPOCHAERIS,3,C,
ACR,5/18/22,2,UNK FUZZY FORB-1,2,opp lyss,
ACR,5/18/22,2,UNK FUZZY FORB-2,1,C,
ACR,5/18/22,2,NOT FUZZY TRI,1,"not fuzzy, white/pink fl, white cup, C",
ACR,5/18/22,2,PURPLE TRITOL,1,"purple fuz, 11:23",
ACR,5/18/22,2,UNK BROME,2,11:28 AM,
ACR,5/18/22,2,LEPTOSIPHON,1,,
ACR,5/18/22,2,TRIDIUM NOTCH,1,notched and reflexxed,
ACR,5/18/22,2,UNK CARROT-1,1,,
ACR,5/18/22,2,L,2,,
ACR,5/18/22,2,RO,0,,
ACR,5/18/22,2,B,3,,
ACR,5/18/22,3,BROHOR,5,,
ACR,5/18/22,3,UNK-BROINE,2,"could be more, early",
ACR,5/18/22,3,FUZZY GRASS,7,,
ACR,5/18/22,3,BABY BREATH,2,,
ACR,5/18/22,3,LUPBIC,6,,
ACR,5/18/22,3,CASRUB,2,C,
ACR,5/18/22,3,LEPTOSIPHON,7,,
ACR,5/18/22,3,APHARES,3,,
ACR,5/18/22,3,GALIUM,3,,
ACR,5/18/22,3,ACMISPON,2,,
ACR,5/18/22,3,HYPOCHAERIS,10,,
ACR,5/18/22,3,UNK-FORB-1,4,,
ACR,5/18/22,3,POR BOR,1,,
ACR,5/18/22,3,PURPLE FUZZ,2,,
ACR,5/18/22,3,SKINNY TRI,2,,
ACR,5/18/22,3,FUZZY PINK BA,2,,
ACR,5/18/22,3,UNK FORB 2,1,,
ACR,5/18/22,3,FESMIC,1,C,
ACR,5/18/22,3,BRIZA MINOR,1,,
ACR,5/18/22,3,ROCK,0,,
ACR,5/18/22,3,BG,3,,
ACR,5/18/22,3,LITTER,3,,
ACR,5/18/22,4,BROHOR,5,,
ACR,5/18/22,4,BABYS BREATH,5,,
ACR,5/18/22,4,FESMIC,4,,
ACR,5/18/22,4,BRIZA MINOR,2,fl+fr here,
ACR,5/18/22,4,ACMISPON,6,,
ACR,5/18/22,4,GALIUM,5,,
ACR,5/18/22,4,PIP CAP,1,,
ACR,5/18/22,4,LUPBIC,1,,
ACR,5/18/22,4,JUNCUS,1,,
ACR,5/18/22,4,SANICULA,1,,
ACR,5/18/22,4,HYPOCHAERIS,2,,
ACR,5/18/22,4,FINE CARROT-2,1,,
ACR,5/18/22,4,APHANES,1,,
ACR,5/18/22,4,FIUZZY ,2,,
ACR,5/18/22,4,BIG SKINNY TRI,1,,
ACR,5/18/22,4,FUZZY PINK BALL,1,,
ACR,5/18/22,4,L,3,,
ACR,5/18/22,4,R,1,,
ACR,5/18/22,4,BG,9,,
ACR,5/18/22,5,HAIRY GRASS,20,,
ACR,5/18/22,5,BROHOR,1,,
ACR,5/18/22,5,ACMISPON,5,,
ACR,5/18/22,5,ACMWRA,1,C,
ACR,5/18/22,5,LUPBIC,16,,
ACR,5/18/22,5,GALIUM ,3,,
ACR,5/18/22,5,UNK CARROT-2,10,,
ACR,5/18/22,5,UNK BROME,2,,
ACR,5/18/22,5,ERODIUM SP,2,MOSCHATUN OR CICUTARIUM,
ACR,5/18/22,5,UNK FUZZY LORB-1,2,,
ACR,5/18/22,5,FUZZY PINK BALL,5,,
ACR,5/18/22,5,SARICULA,2,,
ACR,5/18/22,5,PURPLE BOR,1,,
ACR,5/18/22,5,BABYS BREATH,1,,
ACR,5/18/22,5,FLS MIC,1,,
ACR,5/18/22,5,APHANES,1,,
ACR,5/18/22,5,CASRUB,1,,
ACR,5/18/22,5,HYPOCHAERIS,4,,
ACR,5/18/22,5,SANBIP,1,,
ACR,5/18/22,5,BIG SKINNY TRI,1,C,
ACR,5/18/22,5,CLARKIA,1,,
ACR,5/18/22,5,R,0,,
ACR,5/18/22,5,L1,4,,
ACR,5/18/22,5,BG,1,,
ACR,5/18/22,6,BROHOR,2,,
ACR,5/18/22,6,AVEBAR,1,C,
ACR,5/18/22,6,FESMIC,1,probably myuros,
ACR,5/18/22,6,HAIRY GRASS,3,,
ACR,5/18/22,6,UNK BROME,1,,
ACR,5/18/22,6,LUPBIC,10,,
ACR,5/18/22,6,ACMISPON ,5,,
ACR,5/18/22,6,LEPTOSIPHON,1,,
ACR,5/18/22,6,HYPOCHAERIS,3,,
ACR,5/18/22,6,BABYS BREATH,2,,
ACR,5/18/22,6,UNK PURPLE-1,1,C,
ACR,5/18/22,6,RUMEX ,1,C,
ACR,5/18/22,6,PLAG NOTH,7,C,
ACR,5/18/22,6,GALIUM ,5,,
ACR,5/18/22,6,PHANES,1,,
ACR,5/18/22,6,ACMWRA,1,,
ACR,5/18/22,6,UNK CARROT-2,4,,
ACR,5/18/22,6,FUZZY PINK BALL,3,,
ACR,5/18/22,6,BIG SKINNY PURPLE,1,or fuzzy purple,
ACR,5/18/22,6,SANICULA,1,,
ACR,5/18/22,6,SANBIP,2,,
ACR,5/18/22,6,ESCCAL,2,"unk fuzzy forb-4, clarkia",ask brooke about acr comp file
ACR,5/18/22,6,CAS RUB,1,,
ACR,5/18/22,7,BROHOR,1,,
ACR,5/18/22,7,CRYPTANTHA,1,C,
ACR,5/18/22,7,PLA  NOTH,4,,
ACR,5/18/22,7,ACMISPON ,3,,
ACR,5/18/22,7,UNK CARROT-2,3,,
ACR,5/18/22,7,RUMEX ,2,,
ACR,5/18/22,7,FESMIC,2,,
ACR,5/18/22,7,AVEBAR,1,,
ACR,5/18/22,7,GALIUM ,3,,
ACR,5/18/22,7,APHANES,1,,
ACR,5/18/22,7,LEPTOSIPHON,1,,
ACR,5/18/22,7,BABYS BREATH,2,,
ACR,5/18/22,7,LUPBIC,4,,
ACR,5/18/22,7,FUZZY PINK BALL,2,,
ACR,5/18/22,7,UNK PURPLE-1,1,,
ACR,5/18/22,7,ESCCAL,2,,
ACR,5/18/22,7,SANICLASP,2,,
ACR,5/18/22,7,SANBIP,3,,
ACR,5/18/22,7,EROMOS,3,C,
ACR,5/18/22,7,FUZZY PURPLE,2,,
ACR,5/18/22,7,HYPOCHAERIS,2,,
ACR,5/18/22,7,CASRUB,1,,
ACR,5/18/22,7,UNK BROME,1,,
ACR,5/18/22,7,UNK FORB-4,1,,
ACR,5/18/22,7,CLARKIA ,1,,
ACR,5/18/22,7,AMWRA,1,,
ACR,5/18/22,7,THICK UNK GRASS,1,"BIG THICK GRASS, C",
ACR,5/18/22,7,UNK FUZZY FORB-1,2,,
ACR,5/18/22,7,UNK CARROT-1,1,1:40,
ACR,5/18/22,7,UNK GREEN-FORB,1,,
ACR,5/18/22,7,LI,1,,
ACR,5/18/22,7,RO,0,,
ACR,5/18/22,7,BG,2,,
ACR,5/18/22,8,BABYS BREATH,3,,
ACR,5/18/22,8,CLARKIA,2,,
ACR,5/18/22,8,APHANES,1,,
ACR,5/18/22,8,ESCCAL,2,,
ACR,5/18/22,8,UNK CARROT-1,1,,
ACR,5/18/22,8,UNK FORB 3,1,,
ACR,5/18/22,8,UNK FORB 4,1,,
ACR,5/18/22,8,LI,4,,
ACR,5/18/22,8,RO,0,,
ACR,5/18/22,8,BG,3,,
ACR,5/18/22,9,BROHOR,2,,
ACR,5/18/22,9,UNKBROME,2,,
ACR,5/18/22,9,LUPBIC,7,,
ACR,5/18/22,9,BABYS BREATH,2,,
ACR,5/18/22,9,UNK CARROT-2,3,,
ACR,5/18/22,9,APHANES,1,,
ACR,5/18/22,9,ACMISPON,4,,
ACR,5/18/22,9,CLARKIA,2,,
ACR,5/18/22,9,UNK FORB-3,1,,
ACR,5/18/22,9,HYPOCHAERIS,3,,
ACR,5/18/22,9,GALIUM,5,,
ACR,5/18/22,9,SANBIP,3,,
ACR,5/18/22,9,SARICULA,2,,
ACR,5/18/22,9,ESCAL,1,,
ACR,5/18/22,9,CASRUB,1,,
ACR,5/18/22,9,HAIRY GRASS,1,,
ACR,5/18/22,9,CRYPTANTHA,2,,
ACR,5/18/22,9,PUR BOR,1,,
ACR,5/18/22,9,LI ,2,,
ACR,5/18/22,9,RO,0,,
ACR,5/18/22,9,BG,6,,
ACR,5/18/22,10,BIG THICK GRASS,5,,
ACR,5/18/22,10,BROHOR,1,,
ACR,5/18/22,10,HAIRY GRASS,2,,
ACR,5/18/22,10,FESMIC,2,,
ACR,5/18/22,10,UNNK BROME,2,,
ACR,5/18/22,10,BABYS BREATH,1,,
ACR,5/18/22,10,SKINNY PURPLE TRI,1,,
ACR,5/18/22,10,AMISPON,12,,
ACR,5/18/22,10,GALIUM ,6,,
ACR,5/18/22,10,RABBIT TAIL GRASS,1,,
ACR,5/18/22,10,PURPLE BOR,1,,
ACR,5/18/22,10,LUPBIC,1,,
ACR,5/18/22,10,SANBIP,1,,
ACR,5/18/22,10,UNK FORB 2,1,,
ACR,5/18/22,10,UNK PURPLE 2,1,,
ACR,5/18/22,10,UNK CARROT 1,1,,
ACR,5/18/22,10,UNK CARROT 2,1,,
ACR,5/18/22,10,ESCCAL,1,,
ACR,5/18/22,10,UNK FORB 1,2,,
ACR,5/18/22,10,LI,1,,
ACR,5/18/22,10,RO,0,,
ACR,5/18/22,10,BG,3,,
ACR,5/18/22,,,,last part of doc has percentages?,
MCL,5/16/22,1,AVIFAT,1,,
MCL,5/16/22,1,UNK BROME,2,,
MCL,5/16/22,1,MEDUSA,1,,
MCL,5/16/22,1,BROHOR,2,,
MCL,5/16/22,2,AVEFAT,1,,
MCL,5/16/22,2,UNK BROME,1,,
MCL,5/16/22,2,MEDUSA,25,,
MCL,5/16/22,2,BROHOR,1,,
MCL,5/16/22,3,AVEFAT,1,,
MCL,5/16/22,3,UNK BROME,2,,
MCL,5/16/22,3,JUNCUS,2,,
MCL,5/16/22,3,MEDUSA,25,,
MCL,5/16/22,3,BROHOR,1,,
MCL,5/16/22,3,LO GFIA,1,,
MCL,5/16/22,4,AVEFAT,2,,
MCL,5/16/22,4,UNK BROME,0,,
MCL,5/16/22,4,MEDUSA,3,,
MCL,5/16/22,4,BROHOR,2,,
MCL,5/16/22,5,AVEFAT,3,,
MCL,5/16/22,5,UNK BRO,0,,
MCL,5/16/22,5,MEDUSA,9,,
MCL,5/16/22,5,BROHOR,2,,
MCL,5/16/22,6,AVEFAT,1,,
MCL,5/16/22,6,MEDUSA,2,,
MCL,5/16/22,6,BROHOR,1,,
MCL,5/16/22,7,AVEFAT,3,,
MCL,5/16/22,7,UNK BRO,2,,
MCL,5/16/22,7,BROHOR,2,,
MCL,5/16/22,7,BROMAD ,1,,
MCL,5/16/22,7,LOGFIA,1,,
MCL,5/16/22,8,AVEFAT,1,,
MCL,5/16/22,8,UNK BRO,1,,
MCL,5/16/22,8,MEDUSA,1,,
MCL,5/16/22,8,BROHOR,1,,
MCL,5/16/22,9,AVEFAT,2,,
MCL,5/16/22,9,UNK BRO,1,,
MCL,5/16/22,9,MEDUSA,1,,
MCL,5/16/22,9,BROHOR,1,,
MCL,5/16/22,10,AVEFAT,2,,
MCL,5/16/22,10,UNK BRO,9,,
MCL,5/16/22,10,MEDUSA,2,,
MCL,5/16/22,10,BROHOR,1,,
MCL,5/16/22,,,,,
MCL,5/16/22,,,,,
MCL,5/16/22,,,,,
MCL,5/16/22,,,,,
MCL,5/16/22,,,,,
MCL,5/16/22,,,,,
MCL,5/16/22,,,,,
MCL,5/16/22,,,,,
MCL,5/16/22,,,,,
MCL,5/16/22,,,,,
MCL,5/16/22,,,,,
MCL,5/16/22,,,,,
MCL,5/16/22,,,,,
MCL,5/16/22,,,,,
MCL,5/16/22,,,,,
MCL,5/16/22,,,,,
MCL,5/16/22,,,,,
MCL,5/16/22,,,,,
MCL,5/16/22,,,,,
ACR,,,,,,
ACR,,,,,,
ACR,,,,,,
ACR,,,,,,
ACR,,,,,,
ACR,,,,,,
ACR,,,,,,
ACR,,,,,,
ACR,,,,,,
ACR,,,,,,
ACR,,,,,,
ACR,,,,,,
ACR,,,,,,
ACR,,,,,,
ACR,,,,,,
ACR,,,,,,
ACR,,,,,,
ACR,,,,,,
ACR,,,,,,
ACR,,,,,,
ACR,,,,,,
ACR,,,,,,
ACR,,,,,,
ACR,,,,,,
ACR,,,,,,
ACR,,,,,,
ACR,,,,,,
ACR,,,,,,
ACR,,,,,,
ACR,,,,,,
ACR,,,,,,
ACR,,,,,,
ACR,,,,,,
ACR,,,,,,
ACR,,,,,,
ACR,,,,,,
ACR,,,,,,
ACR,,,,,,
ACR,,,,,,
ACR,,,,,,
ACR,,,,,,
ACR,,,,,,
ACR,,,,,,
ACR,,,,,,
ACR,,,,,,
ACR,,,,,,
ACR,,,,,,
ACR,,,,,,
ACR,,,,,,
ACR,,,,,,
ACR,,,,,,
ACR,,,,,,
ACR,,,,,,
ACR,,,,,,
ACR,,,,,,
ACR,,,,,,
ACR,,,,,,
ACR,,,,,,
ACR,,,,,,
ACR,,,,,,
ACR,,,,,,
ACR,,,,,,
ACR,,,,,,
ACR,,,,,,
ACR,,,,,,
ACR,,,,,,
ACR,,,,,,
ACR,,,,,,
ACR,,,,,,
ACR,,,,,,
ACR,,,,,,
ACR,,,,,,
ACR,,,,,,
ACR,,,,,,
ACR,,,,,,
ACR,,,,,,
ACR,,,,,,
ACR,,,,,,
ACR,,,,,,
ACR,,,,,,
ACR,,,,,,
ACR,,,,,,
ACR,,,,,,
ACR,,,,,,
ACR,,,,,,
ACR,,,,,,
ACR,,,,,,
ACR,,,,,,
ACR,,,,,,
ACR,,,,,,
ACR,,,,,,
ACR,,,,,,
ACR,,,,,,
ACR,,,,,,
ACR,,,,,,
ACR,,,,,,
ACR,,,,,,
ACR,,,,,,
ACR,,,,,,
ACR,,,,,,
ACR,,,,,,
ACR,,,,,,
ACR,,,,,,
ACR,,,,,,
ACR,,,,,,
ACR,,,,,,
ACR,,,,,,
ACR,,,,,,
ACR,,,,,,
ACR,,,,,,
ACR,,,,,,
ACR,,,,,,
ACR,,,,,,
ACR,,,,,,
ACR,,,,,,
ACR,,,,,,
ACR,,,,,,
ACR,,,,,,
ACR,,,,,,
ACR,,,,,,
ACR,,,,,,
ACR,,,,,,
ACR,,,,,,
ACR,,,,,,
ACR,,,,,,
ACR,,,,,,
ACR,,,,,,
ACR,,,,,,
ACR,,,,,,
ACR,,,,,,
ACR,,,,,,
ACR,,,,,,
ACR,,,,,,
ACR,,,,,,
ACR,,,,,,
ACR,,,,,,
ACR,,,,,,
ACR,,,,,,
ACR,,,,,,
ACR,,,,,,
ACR,,,,,,
ACR,,,,,,
ACR,,,,,,
ACR,,,,,,
ACR,,,,,,
ACR,,,,,,
ACR,,,,,,
ACR,,,,,,
ACR,,,,,,
ACR,,,,,,
ACR,,,,,,
ACR,,,,,,
ACR,,,,,,
ACR,,,,,,
ACR,,,,,,
ACR,,,,,,
ACR,,,,,,
ACR,,,,,,
ACR,,,,,,
ACR,,,,,,
ACR,,,,,,
ACR,,,,,,
ACR,,,,,,
ACR,,,,,,
ACR,,,,,,
ACR,,,,,,
ACR,,,,,,
ACR,,,,,,
ACR,,,,,,
ACR,,,,,,
ACR,,,,,,
ACR,,,,,,
ACR,,,,,,
ACR,,,,,,
ACR,,,,,,
ACR,,,,,,
ACR,,,,,,
ACR,,,,,,
ACR,,,,,,
ACR,,,,,,
ACR,,,,,,
ACR,,,,,,
ACR,,,,,,
ACR,,,,,,
ACR,,,,,,
ACR,,,,,,
ACR,,,,,,
ACR,,,,,,
ACR,,,,,,
ACR,,,,,,
ACR,,,,,,
ACR,,,,,,
ACR,,,,,,
ACR,,,,,,
ACR,,,,,,
ACR,,,,,,
ACR,,,,,,
ACR,,,,,,
ACR,,,,,,
ACR,,,,,,
ACR,,,,,,
ACR,,,,,,
ACR,,,,,,