sample,total.leaf.area,Date,Plant_ID,Sp_Code,Plot
A1ACMPAR1_20230509,0.873,2023-05-09,A1.ACMPAR.1,ACMPAR,A1
C3ACMPAR1_20230509,0.114,2023-05-09,C3.ACMPAR.1,ACMPAR,C3
F1ACMPAR2_20230509,0.054,2023-05-09,F1.ACMPAR.2,ACMPAR,F1
G6ACMPAR1_20230509,0.144,2023-05-09,G6.ACMPAR.1,ACMPAR,G6
I6ACMPAR1_20230509_NOLICOR,0.073,2023-05-09,I6.ACMPAR.1,ACMPAR,I6
I8ACMPAR1_20230509,0.34199999999999997,2023-05-09,I8.ACMPAR.1,ACMPAR,I8
J2ACMPAR1_20230509,0.426,2023-05-09,J2.ACMPAR.1,ACMPAR,J2
A1AIRCAR2_20230509,0.504,2023-05-09,A1.AIRCAR.2,AIRCAR,A1
B4AIRCAR2_20230509,0.098,2023-05-09,B4.AIRCAR.2,AIRCAR,B4
C3AIRCAR2_20230509,0.461,2023-05-09,C3.AIRCAR.2,AIRCAR,C3
C8AIRCAR2_20230509,0.126,2023-05-09,C8.AIRCAR.2,AIRCAR,C8
D1AIRCAR2_20230509,0.384,2023-05-09,D1.AIRCAR.2,AIRCAR,D1
E1AIRCAR2_20230509,0.226,2023-05-09,E1.AIRCAR.2,AIRCAR,E1
E3AIRCAR2_20230509,0.381,2023-05-09,E3.AIRCAR.2,AIRCAR,E3
F1AIRCAR2_20230509,0.23,2023-05-09,F1.AIRCAR.2,AIRCAR,F1
G6AIRCAR2_20230509,0.529,2023-05-09,G6.AIRCAR.2,AIRCAR,G6
G7AIRCAR2_20230509,0.265,2023-05-09,G7.AIRCAR.2,AIRCAR,G7
H2AIRCAR2_20230509,0.365,2023-05-09,H2.AIRCAR.2,AIRCAR,H2
H6AIRCAR2_20200509,0.411,2020-05-09,H6.AIRCAR.2,AIRCAR,H6
I5AIRCAR2_20230509,0.801,2023-05-09,I5.AIRCAR.2,AIRCAR,I5
I6AIRCAR1_20230509,0.185,2023-05-09,I6.AIRCAR.1,AIRCAR,I6
I8AIRCAR2_20230509,0.663,2023-05-09,I8.AIRCAR.2,AIRCAR,I8
J2AIRCAR2_20230509,0.492,2023-05-09,J2.AIRCAR.2,AIRCAR,J2
A2AMSMEN2_20230403,11.081,2023-04-03,A2.AMSMEN.2,AMSMEN,A2
A4AMSMEN2_20230403,10.32,2023-04-03,A4.AMSMEN.2,AMSMEN,A4
B8AMSMEN2_20230403,3.013,2023-04-03,B8.AMSMEN.2,AMSMEN,B8
C6AMSMEN2,7.301,NA,C6.AMSMEN.2,AMSMEN,C6
C7AMSMEN2_20230403,2.544,2023-04-03,C7.AMSMEN.2,AMSMEN,C7
E2AMSMEN2_20230405,1.949,2023-04-05,E2.AMSMEN.2,AMSMEN,E2
F7AMSMEN2_20230403,2.452,2023-04-03,F7.AMSMEN.2,AMSMEN,F7
G4AMSMEN2_20230403,6.373,2023-04-03,G4.AMSMEN.2,AMSMEN,G4
I3AMSMEN2_20230405,6.4,2023-04-05,I3.AMSMEN.2,AMSMEN,I3
J4AMSMEN2_20230405,5.337,2023-04-05,J4.AMSMEN.2,AMSMEN,J4
J7AMSMEN2_20230405,3.628,2023-04-05,J7.AMSMEN.2,AMSMEN,J7
A2AVEBAR2_20230422,26,2023-04-22,A2.AVEBAR.2,AVEBAR,A2
A3AVEBAR2_20230422,44.465,2023-04-22,A3.AVEBAR.2,AVEBAR,A3
A4AVEBAR2_20230422,32.922,2023-04-22,A4.AVEBAR.2,AVEBAR,A4
A5AVEBAR1_20230422,11.205,2023-04-22,A5.AVEBAR.1,AVEBAR,A5
A7AVEBAR1_20230422,15.795,2023-04-22,A7.AVEBAR.1,AVEBAR,A7
A8AVEBAR2_20230422,35.795,2023-04-22,A8.AVEBAR.2,AVEBAR,A8
B1AVEBAR1_20230422,35.807,2023-04-22,B1.AVEBAR.1,AVEBAR,B1
B2AVEBAR2_20230422,47.57,2023-04-22,B2.AVEBAR.2,AVEBAR,B2
B5AVEBAR2_20230422,41.407,2023-04-22,B5.AVEBAR.2,AVEBAR,B5
B8AVEBAR2_20230422,22.6,2023-04-22,B8.AVEBAR.2,AVEBAR,B8
C1AVEBAR2_20230422,27.477000000000004,2023-04-22,C1.AVEBAR.2,AVEBAR,C1
C2AVEBAR1_20230421,17.924,2023-04-21,C2.AVEBAR.1,AVEBAR,C2
C4AVEBAR2_20230421,20.952,2023-04-21,C4.AVEBAR.2,AVEBAR,C4
C6AVEBAR2_20230421,24.802,2023-04-21,C6.AVEBAR.2,AVEBAR,C6
C7AVEBAR2_20230421,10.809,2023-04-21,C7.AVEBAR.2,AVEBAR,C7
D2AVEBAR2_20230421,14.604,2023-04-21,D2.AVEBAR.2,AVEBAR,D2
D3AVEBAR2_20230421,15.313,2023-04-21,D3.AVEBAR.2,AVEBAR,D3
D4AVEBAR2_20230421,13.834,2023-04-21,D4.AVEBAR.2,AVEBAR,D4
D5AVEBAR2_20230421,10.714,2023-04-21,D5.AVEBAR.2,AVEBAR,D5
D6AVEBAR2_20230421,6.105,2023-04-21,D6.AVEBAR.2,AVEBAR,D6
E2AVEBAR2_20230421,10.25,2023-04-21,E2.AVEBAR.2,AVEBAR,E2
E4AVEBAR2_20230421,9.275,2023-04-21,E4.AVEBAR.2,AVEBAR,E4
E5AVEBAR2_20230421,14.087,2023-04-21,E5.AVEBAR.2,AVEBAR,E5
E6AVEBAR2_20230421,17.724,2023-04-21,E6.AVEBAR.2,AVEBAR,E6
E7AVEBAR2_20230421,23.66,2023-04-21,E7.AVEBAR.2,AVEBAR,E7
E8AVEBAR2_20230421,31.689,2023-04-21,E8.AVEBAR.2,AVEBAR,E8
F2AVEBAR2_20230422,9.526,2023-04-22,F2.AVEBAR.2,AVEBAR,F2
F3AVEBAR1_20230422,20.849,2023-04-22,F3.AVEBAR.1,AVEBAR,F3
F4AVEBAR2_20230422,17.314,2023-04-22,F4.AVEBAR.2,AVEBAR,F4
F5AVEBAR2_20230422,17.959,2023-04-22,F5.AVEBAR.2,AVEBAR,F5
F6AVEBAR1_20230422,34.396,2023-04-22,F6.AVEBAR.1,AVEBAR,F6
F7AVEBAR2_20230422,12.265,2023-04-22,F7.AVEBAR.2,AVEBAR,F7
F8AVEBAR2_20230422,15.616,2023-04-22,F8.AVEBAR.2,AVEBAR,F8
G1AVEBAR1_20230422,25.82,2023-04-22,G1.AVEBAR.1,AVEBAR,G1
G2AVEBAR1_20230422,11.382,2023-04-22,G2.AVEBAR.1,AVEBAR,G2
G3AVEBAR2_20230422,12.086,2023-04-22,G3.AVEBAR.2,AVEBAR,G3
G4AVEBAR2_20230422,9.97,2023-04-22,G4.AVEBAR.2,AVEBAR,G4
G5AVEBAR2_20230422,30.621,2023-04-22,G5.AVEBAR.2,AVEBAR,G5
G8AVEBAR1_20230421,27.724,2023-04-21,G8.AVEBAR.1,AVEBAR,G8
H3AVEBAR2_20230421,10.633,2023-04-21,H3.AVEBAR.2,AVEBAR,H3
H4AVEBAR2_20230421,6.599,2023-04-21,H4.AVEBAR.2,AVEBAR,H4
H5AVEBAR2_20230421,22.431,2023-04-21,H5.AVEBAR.2,AVEBAR,H5
H7AVEBAR2_20230421,10.776,2023-04-21,H7.AVEBAR.2,AVEBAR,H7
H8AVEBAR2_20230421,16.561,2023-04-21,H8.AVEBAR.2,AVEBAR,H8
I1AVEBAR2_20230421,10.042,2023-04-21,I1.AVEBAR.2,AVEBAR,I1
I2AVEBAR2_20230421,25.018,2023-04-21,I2.AVEBAR.2,AVEBAR,I2
I3AVEBAR2_20230421,17.098,2023-04-21,I3.AVEBAR.2,AVEBAR,I3
I4AVEBAR2_20230421,37.273,2023-04-21,I4.AVEBAR.2,AVEBAR,I4
I7AVEBAR2_20230421,26.86,2023-04-21,I7.AVEBAR.2,AVEBAR,I7
J1AVEBAR2_20230421,22.496,2023-04-21,J1.AVEBAR.2,AVEBAR,J1
J3AVEBAR2_20230421,30.563,2023-04-21,J3.AVEBAR.2,AVEBAR,J3
J4AVEBAR2_20230421,10.1,2023-04-21,J4.AVEBAR.2,AVEBAR,J4
J5AVEBAR2_20230421,10.325,2023-04-21,J5.AVEBAR.2,AVEBAR,J5
J6AVEBAR2_20230421,27.435,2023-04-21,J6.AVEBAR.2,AVEBAR,J6
J7AVEBAR2_20230421,22.543,2023-04-21,J7.AVEBAR.2,AVEBAR,J7
J8AVEBAR2_20230421,29.501,2023-04-21,J8.AVEBAR.2,AVEBAR,J8
A2BROARE2_20230324,10.045,2023-03-24,A2.BROARE.2,BROARE,A2
A4BROARE2_20230324,14.072,2023-03-24,A4.BROARE.2,BROARE,A4
B8BROARE2_20230324,6.591,2023-03-24,B8.BROARE.2,BROARE,B8
C6BROARE2_20230324,6.5,2023-03-24,C6.BROARE.2,BROARE,C6
C7BROARE2_20230324,7.187,2023-03-24,C7.BROARE.2,BROARE,C7
D3BROARE2_20230324,6.661,2023-03-24,D3.BROARE.2,BROARE,D3
D5BROARE2_20230324,10.215,2023-03-24,D5.BROARE.2,BROARE,D5
E2BROARE2_20230324,6.009,2023-03-24,E2.BROARE.2,BROARE,E2
E4BROARE2_20230324,6.946,2023-03-24,E4.BROARE.2,BROARE,E4
F2BROARE2_20230324,8.02,2023-03-24,F2.BROARE.2,BROARE,F2
F7BROARE2_20230324,6.003,2023-03-24,F7.BROARE.2,BROARE,F7
G4BROARE2_20230324,6.844,2023-03-24,G4.BROARE.2,BROARE,G4
H3BROARE2_20230324,11.125,2023-03-24,H3.BROARE.2,BROARE,H3
I3BROARE2_20230324,6.843,2023-03-24,I3.BROARE.2,BROARE,I3
J4BROARE2_20230324,8.267,2023-03-24,J4.BROARE.2,BROARE,J4
J7BROARE2_20230324,5.621,2023-03-24,J7.BROARE.2,BROARE,J7
A1BRODIA2_20230429,9.902,2023-04-29,A1.BRODIA.2,BRODIA,A1
A2BRODIA2_20230429,15.294,2023-04-29,A2.BRODIA.2,BRODIA,A2
A3BRODIA2_20230428,9.856,2023-04-28,A3.BRODIA.2,BRODIA,A3
A4BRODIA2_20230430,11.968,2023-04-30,A4.BRODIA.2,BRODIA,A4
A5BRODIA2_20230430,9.305,2023-04-30,A5.BRODIA.2,BRODIA,A5
A6BRODIA2_20230430,14.084,2023-04-30,A6.BRODIA.2,BRODIA,A6
A7BRODIA2_20230430,9.921,2023-04-30,A7.BRODIA.2,BRODIA,A7
A8BRODIA2_20230430,5.95,2023-04-30,A8.BRODIA.2,BRODIA,A8
B1BRODIA2_20230430,9.358,2023-04-30,B1.BRODIA.2,BRODIA,B1
B2BRODIA2_20230430,7.807,2023-04-30,B2.BRODIA.2,BRODIA,B2
B3BRODIA2_20230430,17.288,2023-04-30,B3.BRODIA.2,BRODIA,B3
B4BRODIA2_20230430,8.198,2023-04-30,B4.BRODIA.2,BRODIA,B4
B5BRODIA2_20230430,6.176,2023-04-30,B5.BRODIA.2,BRODIA,B5
B6BRODIA2_20230430,13.436,2023-04-30,B6.BRODIA.2,BRODIA,B6
B7BRODIA2_20230430,17.622,2023-04-30,B7.BRODIA.2,BRODIA,B7
B8BRODIA2_20230430,8.976,2023-04-30,B8.BRODIA.2,BRODIA,B8
C1BRODIA2_20230430,11.717,2023-04-30,C1.BRODIA.2,BRODIA,C1
C2BRODIA2_20230430,15.304,2023-04-30,C2.BRODIA.2,BRODIA,C2
C3BRODIA2_20230430,15.442,2023-04-30,C3.BRODIA.2,BRODIA,C3
C4BRODIA2_20230430,9.362,2023-04-30,C4.BRODIA.2,BRODIA,C4
C5BRODIA2_20230430,22.901,2023-04-30,C5.BRODIA.2,BRODIA,C5
C6BRODIA2_20230430,15.47,2023-04-30,C6.BRODIA.2,BRODIA,C6
C7BRODIA2_20230501,9.601,2023-05-01,C7.BRODIA.2,BRODIA,C7
C8BRODIA2_20230501,13.156,2023-05-01,C8.BRODIA.2,BRODIA,C8
D1BRODIA2_20230501,9.154,2023-05-01,D1.BRODIA.2,BRODIA,D1
D2BRODIA2_20230501,7.286,2023-05-01,D2.BRODIA.2,BRODIA,D2
D3BRODIA2_20230501,12.371,2023-05-01,D3.BRODIA.2,BRODIA,D3
D4BRODIA2_20230501,10.36,2023-05-01,D4.BRODIA.2,BRODIA,D4
D5BRODIA2_20230501,8.871,2023-05-01,D5.BRODIA.2,BRODIA,D5
D6BRODIA2_20230501,10.627,2023-05-01,D6.BRODIA.2,BRODIA,D6
D7BRODIA2_20230501,10.394,2023-05-01,D7.BRODIA.2,BRODIA,D7
D8BRODIA2_20230501,5.187,2023-05-01,D8.BRODIA.2,BRODIA,D8
E1BRODIA2_20230501,9.316,2023-05-01,E1.BRODIA.2,BRODIA,E1
E2BRODIA2_20230501,5.24,2023-05-01,E2.BRODIA.2,BRODIA,E2
E3BRODIA2_20230501,5.811,2023-05-01,E3.BRODIA.2,BRODIA,E3
E4BRODIA2_20230501,10.654,2023-05-01,E4.BRODIA.2,BRODIA,E4
E5BRODIA1_20230501,9.132,2023-05-01,E5.BRODIA.1,BRODIA,E5
E6BRODIA2_20230501,7.343,2023-05-01,E6.BRODIA.2,BRODIA,E6
E7BRODIA2_20230501,5.518,2023-05-01,E7.BRODIA.2,BRODIA,E7
E8BRODIA2_20230501,8.677,2023-05-01,E8.BRODIA.2,BRODIA,E8
F1BRODIA2_20230429,3.965,2023-04-29,F1.BRODIA.2,BRODIA,F1
F2BRODIA2_20230429,8.262,2023-04-29,F2.BRODIA.2,BRODIA,F2
F3BRODIA2_20230430,6.977,2023-04-30,F3.BRODIA.2,BRODIA,F3
F4BRODIA2_20230430,8.554,2023-04-30,F4.BRODIA.2,BRODIA,F4
F5BRODIA2_20230430,7.943,2023-04-30,F5.BRODIA.2,BRODIA,F5
F6BRODIA2_20230430,6.415,2023-04-30,F6.BRODIA.2,BRODIA,F6
F7BRODIA2_20230430,10.298,2023-04-30,F7.BRODIA.2,BRODIA,F7
F8BRODIA2_20230430,7.67,2023-04-30,F8.BRODIA.2,BRODIA,F8
G1BRODIA2_20230430,8.403,2023-04-30,G1.BRODIA.2,BRODIA,G1
G2BRODIA2_20230430,5.975,2023-04-30,G2.BRODIA.2,BRODIA,G2
G3BRODIA2_20230430,7.649,2023-04-30,G3.BRODIA.2,BRODIA,G3
G4BRODIA2_20230430,11.865,2023-04-30,G4.BRODIA.2,BRODIA,G4
G5BRODIA2_20230430,8.087,2023-04-30,G5.BRODIA.2,BRODIA,G5
G6BRODIA2_20230430,10.759,2023-04-30,G6.BRODIA.2,BRODIA,G6
G7BRODIA2_20230430,13.018,2023-04-30,G7.BRODIA.2,BRODIA,G7
G8BRODIA2_20230430,10.289,2023-04-30,G8.BRODIA.2,BRODIA,G8
H1BRODIA2_20230430,9.434,2023-04-30,H1.BRODIA.2,BRODIA,H1
H2BRODIA2_20230430,10.522,2023-04-30,H2.BRODIA.2,BRODIA,H2
H3BRODIA2_20230430,7.114,2023-04-30,H3.BRODIA.2,BRODIA,H3
H4BRODIA2_20230430,5.035,2023-04-30,H4.BRODIA.2,BRODIA,H4
H5BRODIA2_20230430,7.722,2023-04-30,H5.BRODIA.2,BRODIA,H5
H6BRODIA2_20230430,10.156,2023-04-30,H6.BRODIA.2,BRODIA,H6
H7BRODIA2_20230501,9.385,2023-05-01,H7.BRODIA.2,BRODIA,H7
H8BRODIA2_20230501,10.057,2023-05-01,H8.BRODIA.2,BRODIA,H8
I1BRODIA2_20230501,17.177,2023-05-01,I1.BRODIA.2,BRODIA,I1
I2BRODIA2_20230501,12.819,2023-05-01,I2.BRODIA.2,BRODIA,I2
I3BRODIA2_20230501,13.623,2023-05-01,I3.BRODIA.2,BRODIA,I3
I4BRODIA2_20230501,6.332,2023-05-01,I4.BRODIA.2,BRODIA,I4
I5BRODIA2_20230501,14.841,2023-05-01,I5.BRODIA.2,BRODIA,I5
I6BRODIA2_20230501,6.566,2023-05-01,I6.BRODIA.2,BRODIA,I6
I7BRODIA2_20230501,9.783,2023-05-01,I7.BRODIA.2,BRODIA,I7
I8BRODIA2_20230501,13.099,2023-05-01,I8.BRODIA.2,BRODIA,I8
J1BRODIA2_20230501,11.496,2023-05-01,J1.BRODIA.2,BRODIA,J1
J2BRODIA2_20230501,10.396,2023-05-01,J2.BRODIA.2,BRODIA,J2
J3BRODIA2_20230501,9.811,2023-05-01,J3.BRODIA.2,BRODIA,J3
J4BRODIA2_20230501,18.723,2023-05-01,J4.BRODIA.2,BRODIA,J4
J5BRODIA2_20230501,6.273,2023-05-01,J5.BRODIA.2,BRODIA,J5
J6BRODIA2_20230501,8.887,2023-05-01,J6.BRODIA.2,BRODIA,J6
J7BRODIA2_20230501,8.589,2023-05-01,J7.BRODIA.2,BRODIA,J7
J8BRODIA2_20230501,13.189,2023-05-01,J8.BRODIA.2,BRODIA,J8
A1BROHOR2_20230503,17.179,2023-05-03,A1.BROHOR.2,BROHOR,A1
A3BROHOR2_20230503,14.623,2023-05-03,A3.BROHOR.2,BROHOR,A3
A5BROHOR2_20230503,6.123,2023-05-03,A5.BROHOR.2,BROHOR,A5
A6BROHOR2_20230503,4.794,2023-05-03,A6.BROHOR.2,BROHOR,A6
A7BROHOR2_20230503,9.121,2023-05-03,A7.BROHOR.2,BROHOR,A7
A8BROHOR2_20230503,6.687,2023-05-03,A8.BROHOR.2,BROHOR,A8
B1BROHOR2_20230505,12.36,2023-05-05,B1.BROHOR.2,BROHOR,B1
B2BROHOR2_20230505,4.733,2023-05-05,B2.BROHOR.2,BROHOR,B2
B3BROHOR2_20230505,6.736,2023-05-05,B3.BROHOR.2,BROHOR,B3
B4BROHOR2_20230503,5.378,2023-05-03,B4.BROHOR.2,BROHOR,B4
B5BROHOR2_20230505,3.148,2023-05-05,B5.BROHOR.2,BROHOR,B5
B6BROHOR2_20230505,3.954,2023-05-05,B6.BROHOR.2,BROHOR,B6
B7BROHOR2_20230505,6.105,2023-05-05,B7.BROHOR.2,BROHOR,B7
C1BROHOR2_20230505,8.017,2023-05-05,C1.BROHOR.2,BROHOR,C1
C2BROHOR2_20230505,7.981,2023-05-05,C2.BROHOR.2,BROHOR,C2
C3BROHOR2_20230505,9.2,2023-05-05,C3.BROHOR.2,BROHOR,C3
C4BROHOR2_20230505,3.763,2023-05-05,C4.BROHOR.2,BROHOR,C4
C5BROHOR1_20230503,4.078,2023-05-03,C5.BROHOR.1,BROHOR,C5
C8BROHOR2_20230503,6.345,2023-05-03,C8.BROHOR.2,BROHOR,C8
D1BROHOR2_20230503,6.06,2023-05-03,D1.BROHOR.2,BROHOR,D1
D2BROHOR2_20230503,4.479,2023-05-03,D2.BROHOR.2,BROHOR,D2
D4BROHOR2_20230503,6.107,2023-05-03,D4.BROHOR.2,BROHOR,D4
D6BROHOR2_20230503,8.931,2023-05-03,D6.BROHOR.2,BROHOR,D6
D7BROHOR2_20230503,5.59,2023-05-03,D7.BROHOR.2,BROHOR,D7
D8BROHOR2_20230503,3.071,2023-05-03,D8.BROHOR.2,BROHOR,D8
E1BROHOR2_20230503,5.785,2023-05-03,E1.BROHOR.2,BROHOR,E1
E3BROHOR2_20230503,12.714,2023-05-03,E3.BROHOR.2,BROHOR,E3
E5BROHOR2_20230503,5.294,2023-05-03,E5.BROHOR.2,BROHOR,E5
E6BROHOR2_20230503,3.081,2023-05-03,E6.BROHOR.2,BROHOR,E6
E7BROHOR2_20230503,4.216,2023-05-03,E7.BROHOR.2,BROHOR,E7
E8BROHOR2_20230503,6.93,2023-05-03,E8.BROHOR.2,BROHOR,E8
F1BROHOR2_20230503,11.525,2023-05-03,F1.BROHOR.2,BROHOR,F1
F3BROHOR2_20230503,6.551,2023-05-03,F3.BROHOR.2,BROHOR,F3
F4BROHOR2_20230503,5.568,2023-05-03,F4.BROHOR.2,BROHOR,F4
F5BROHOR2_20230503,4.324,2023-05-03,F5.BROHOR.2,BROHOR,F5
F6BROHOR2_20230503,5.763,2023-05-03,F6.BROHOR.2,BROHOR,F6
F8BROHOR2_20230503,9.48,2023-05-03,F8.BROHOR.2,BROHOR,F8
G1BROHOR2_20230505,4.781,2023-05-05,G1.BROHOR.2,BROHOR,G1
G2BROHOR2_20230505,9.638,2023-05-05,G2.BROHOR.2,BROHOR,G2
G3BROHOR2_20230505,5.97,2023-05-05,G3.BROHOR.2,BROHOR,G3
G5BROHOR2_20230505,5.316,2023-05-05,G5.BROHOR.2,BROHOR,G5
G6BROHOR2_20230505,7.397,2023-05-05,G6.BROHOR.2,BROHOR,G6
G7BROHOR2_20230505,14.416,2023-05-05,G7.BROHOR.2,BROHOR,G7
G8BROHOR2_20230505,3.547,2023-05-05,G8.BROHOR.2,BROHOR,G8
H1BROHOR2_20230505,6.921,2023-05-05,H1.BROHOR.2,BROHOR,H1
H2BROHOR2_20230505,4.433,2023-05-05,H2.BROHOR.2,BROHOR,H2
H4BROHOR2_20230505,7.603,2023-05-05,H4.BROHOR.2,BROHOR,H4
H5BROHOR2_20230503,6.887,2023-05-03,H5.BROHOR.2,BROHOR,H5
H6BROHOR2_20230503,6.777,2023-05-03,H6.BROHOR.2,BROHOR,H6
H7BROHOR2_20230503,7.046,2023-05-03,H7.BROHOR.2,BROHOR,H7
H8BROHOR2_20230503,7.046,2023-05-03,H8.BROHOR.2,BROHOR,H8
I1BROHOR2_20230503,11.69,2023-05-03,I1.BROHOR.2,BROHOR,I1
I2BROHOR2_20230503,5.435,2023-05-03,I2.BROHOR.2,BROHOR,I2
I4BROHOR2_20230503,12.378,2023-05-03,I4.BROHOR.2,BROHOR,I4
I5BROHOR2_20230503,9.124,2023-05-03,I5.BROHOR.2,BROHOR,I5
I6BROHOR2_20230503,6.341,2023-05-03,I6.BROHOR.2,BROHOR,I6
I7BROHOR2_20230503,5.112,2023-05-03,I7.BROHOR.2,BROHOR,I7
I8BROHOR2_20230503,9.343,2023-05-03,I8.BROHOR.2,BROHOR,I8
J1BROHOR2_20230503,6.151,2023-05-03,J1.BROHOR.2,BROHOR,J1
J2BROHOR2_20230503,10.181,2023-05-03,J2.BROHOR.2,BROHOR,J2
J3BROHOR2_20230503,5.795000000000001,2023-05-03,J3.BROHOR.2,BROHOR,J3
J5BROHOR2_20230503,7.971,2023-05-03,J5.BROHOR.2,BROHOR,J5
J6BROHOR2_20230503,4.2,2023-05-03,J6.BROHOR.2,BROHOR,J6
J8BROHOR2_20230503,6.655,2023-05-03,J8.BROHOR.2,BROHOR,J8
A2BROMAD2_20230424,5.141,2023-04-24,A2.BROMAD.2,BROMAD,A2
A4BROMAD2_20230424,6.449,2023-04-24,A4.BROMAD.2,BROMAD,A4
A5BROMAD2_20230424,2.403,2023-04-24,A5.BROMAD.2,BROMAD,A5
A6BROMAD2_20230424,3.284,2023-04-24,A6.BROMAD.2,BROMAD,A6
A7BROMAD2_20230424,4.001,2023-04-24,A7.BROMAD.2,BROMAD,A7
A8BROMAD2_20230424,3.916,2023-04-24,A8.BROMAD.2,BROMAD,A8
B2BROMAD2_20230424,3.851,2023-04-24,B2.BROMAD.2,BROMAD,B2
B3BROMAD2_20230424,1.464,2023-04-24,B3.BROMAD.2,BROMAD,B3
B5BROMAD2_20230424,4.729,2023-04-24,B5.BROMAD.2,BROMAD,B5
B6BROMAD2_20230424,5.277,2023-04-24,B6.BROMAD.2,BROMAD,B6
B8BROMAD2_20230424,4.062,2023-04-24,B8.BROMAD.2,BROMAD,B8
C1BROMAD2_20230424,2.923,2023-04-24,C1.BROMAD.2,BROMAD,C1
C2BROMAD2_20230424,1.779,2023-04-24,C2.BROMAD.2,BROMAD,C2
C6BROMAD2_20230424,5.742,2023-04-24,C6.BROMAD.2,BROMAD,C6
C7BROMAD2_20230423,5.4190000000000005,2023-04-23,C7.BROMAD.2,BROMAD,C7
D3BROMAD2_20230424,1.956,2023-04-24,D3.BROMAD.2,BROMAD,D3
D4BROMAD2_20230423,1.833,2023-04-23,D4.BROMAD.2,BROMAD,D4
D5BROMAD2_20230423,7.877,2023-04-23,D5.BROMAD.2,BROMAD,D5
D7BROMAD2_20230423,3.305,2023-04-23,D7.BROMAD.2,BROMAD,D7
D8BROMAD2_20230423,2.969,2023-04-23,D8.BROMAD.2,BROMAD,D8
E2BROMAD2_20230423,3.452,2023-04-23,E2.BROMAD.2,BROMAD,E2
E4BROMAD2_20230423,3.609,2023-04-23,E4.BROMAD.2,BROMAD,E4
E5BROMAD1_20230423,3.005,2023-04-23,E5.BROMAD.1,BROMAD,E5
E6BROMAD2_20230423,2.675,2023-04-23,E6.BROMAD.2,BROMAD,E6
E7BROMAD2_20230424,2.186,2023-04-24,E7.BROMAD.2,BROMAD,E7
F2BROMAD2_20230424,2.825,2023-04-24,F2.BROMAD.2,BROMAD,F2
F4BROMAD2_20230424,3.042,2023-04-24,F4.BROMAD.2,BROMAD,F4
F5BROMAD2_20230424,3.492,2023-04-24,F5.BROMAD.2,BROMAD,F5
F6BROMAD2_20230424,2.858,2023-04-24,F6.BROMAD.2,BROMAD,F6
F7BROMAD2_20230424,4.466,2023-04-24,F7.BROMAD.2,BROMAD,F7
G2BROMAD2_20230424,5.407,2023-04-24,G2.BROMAD.2,BROMAD,G2
G3BROMAD2_20230424,6.591,2023-04-24,G3.BROMAD.2,BROMAD,G3
G4BROMAD2_20230424,2.029,2023-04-24,G4.BROMAD.2,BROMAD,G4
G5BROMAD2_20230424,2.526,2023-04-24,G5.BROMAD.2,BROMAD,G5
H1BROMAD2_20230424,4.732,2023-04-24,H1.BROMAD.2,BROMAD,H1
H3BROMAD2_20230424,5.742,2023-04-24,H3.BROMAD.2,BROMAD,H3
H4BROMAD2_20230424,3.089,2023-04-24,H4.BROMAD.2,BROMAD,H4
H7BROMAD2_20230423,4.432,2023-04-23,H7.BROMAD.2,BROMAD,H7
H8BROMAD2_20230423,3.52,2023-04-23,H8.BROMAD.2,BROMAD,H8
I2BROMAD2_20230424,2.763,2023-04-24,I2.BROMAD.2,BROMAD,I2
I3BROMAD2_20230423,3.186,2023-04-23,I3.BROMAD.2,BROMAD,I3
I7BROMAD2_20230423,4.049,2023-04-23,I7.BROMAD.2,BROMAD,I7
J3BROMAD2_20230423,5.54,2023-04-23,J3.BROMAD.2,BROMAD,J3
J4BROMAD2_20230423,6.074,2023-04-23,J4.BROMAD.2,BROMAD,J4
J5BROMAD2_20230423,5.291,2023-04-23,J5.BROMAD.2,BROMAD,J5
J6BROMAD2_20230423,4.07,2023-04-23,J6.BROMAD.2,BROMAD,J6
J7BROMAD2_20230423,4.358,2023-04-23,J7.BROMAD.2,BROMAD,J7
J8BROMAD2_20230423,5.156,2023-04-23,J8.BROMAD.2,BROMAD,J8
A7CALMEN1_20230403,1.628,2023-04-03,A7.CALMEN.1,CALMEN,A7
B3CALMEN1_20230403,1.677,2023-04-03,B3.CALMEN.1,CALMEN,B3
B6CALMEN1_20230403,0.347,2023-04-03,B6.CALMEN.1,CALMEN,B6
C2CALMEN1_20230403,0.04,2023-04-03,C2.CALMEN.1,CALMEN,C2
D8CALMEN2_20230403,1.603,2023-04-03,D8.CALMEN.2,CALMEN,D8
E5CALMEN1_20230403,1.259,2023-04-03,E5.CALMEN.1,CALMEN,E5
E6CALMEN2_20230403,0.479,2023-04-03,E6.CALMEN.2,CALMEN,E6
I2CALMEN1_20230403,1.503,2023-04-03,I2.CALMEN.1,CALMEN,I2
J8CALMEN1_20230403,3.303,2023-04-03,J8.CALMEN.1,CALMEN,J8
A4CAUCOU2_20230423,28.878,2023-04-23,A4.CAUCOU.2,CAUCOU,A4
A6CENMEL2_20230507,21.26,2023-05-07,A6.CENMEL.2,CENMEL,A6
A7CENMEL2_20230507,17.555,2023-05-07,A7.CENMEL.2,CENMEL,A7
B3CENMEL2_20230507,66.348,2023-05-07,B3.CENMEL.2,CENMEL,B3
B6CENMEL2_20230507,30.924999999999997,2023-05-07,B6.CENMEL.2,CENMEL,B6
C2CENMEL2_20230507,42.888,2023-05-07,C2.CENMEL.2,CENMEL,C2
D7CENMEL2_20230507,18.342,2023-05-07,D7.CENMEL.2,CENMEL,D7
D8CENMEL2_20230507,8.328,2023-05-07,D8.CENMEL.2,CENMEL,D8
E5CENMEL2_20230507,13.376,2023-05-07,E5.CENMEL.2,CENMEL,E5
E6CENMEL2_20230507,14.743,2023-05-07,E6.CENMEL.2,CENMEL,E6
F6CENMEL2_20230507,24.946,2023-05-07,F6.CENMEL.2,CENMEL,F6
G3CENMEL2_20230507,25.154,2023-05-07,G3.CENMEL.2,CENMEL,G3
H1CENMEL2_20230507,20.627,2023-05-07,H1.CENMEL.2,CENMEL,H1
H8CENMEL2_20230507,31.606,2023-05-07,H8.CENMEL.2,CENMEL,H8
I2CENMEL2_20230507,36.424,2023-05-07,I2.CENMEL.2,CENMEL,I2
J5CENMEL2_20230507,20.731,2023-05-07,J5.CENMEL.2,CENMEL,J5
J8CENMEL2_20230507,13.378,2023-05-07,J8.CENMEL.2,CENMEL,J8
A1CLAPUR2_20230505,1.087,2023-05-05,A1.CLAPUR.2,CLAPUR,A1
A3CLAPUR1_20230505,2.486,2023-05-05,A3.CLAPUR.1,CLAPUR,A3
A5CLAPUR2_20230505,1.493,2023-05-05,A5.CLAPUR.2,CLAPUR,A5
A8CLAPUR2_20230505,1.785,2023-05-05,A8.CLAPUR.2,CLAPUR,A8
B1CLAPUR2_20230505,1.78,2023-05-05,B1.CLAPUR.2,CLAPUR,B1
B2CLAPUR2_20230505,1.892,2023-05-05,B2.CLAPUR.2,CLAPUR,B2
B4CLAPUR2_20230505,1.363,2023-05-05,B4.CLAPUR.2,CLAPUR,B4
B5CLAPUR2_20230505,2.795,2023-05-05,B5.CLAPUR.2,CLAPUR,B5
B7CLAPUR2_20230505,2.256,2023-05-05,B7.CLAPUR.2,CLAPUR,B7
C1CLAPUR2_20230505,2.02,2023-05-05,C1.CLAPUR.2,CLAPUR,C1
C3CLAPUR2_20230505,1.067,2023-05-05,C3.CLAPUR.2,CLAPUR,C3
C4CLAPUR2_20230505,2.684,2023-05-05,C4.CLAPUR.2,CLAPUR,C4
C5CLAPUR2_20230505,2.594,2023-05-05,C5.CLAPUR.2,CLAPUR,C5
C8CLAPUR2_20230505,1.652,2023-05-05,C8.CLAPUR.2,CLAPUR,C8
D1CLAPUR2_20230507,0.7,2023-05-07,D1.CLAPUR.2,CLAPUR,D1
D2CLAPUR2_20230507,1.55,2023-05-07,D2.CLAPUR.2,CLAPUR,D2
D4CLAPUR2_20230507,1.533,2023-05-07,D4.CLAPUR.2,CLAPUR,D4
D6CLAPUR2_20230507,2.151,2023-05-07,D6.CLAPUR.2,CLAPUR,D6
E1CLAPUR2_20230507,0.69,2023-05-07,E1.CLAPUR.2,CLAPUR,E1
E3CLAPUR2_20230507,0.841,2023-05-07,E3.CLAPUR.2,CLAPUR,E3
E7CLAPUR2_20230507,2.898,2023-05-07,E7.CLAPUR.2,CLAPUR,E7
E8CLAPUR2_20230507,1.519,2023-05-07,E8.CLAPUR.2,CLAPUR,E8
F1CLAPUR2_20230505,0.919,2023-05-05,F1.CLAPUR.2,CLAPUR,F1
F3CLAPUR2_20230505,1.467,2023-05-05,F3.CLAPUR.2,CLAPUR,F3
F4CLAPUR2_20230505,2.449,2023-05-05,F4.CLAPUR.2,CLAPUR,F4
F5CLAPUR2_20230505,1.944,2023-05-05,F5.CLAPUR.2,CLAPUR,F5
F8CLAPUR2_20230505,2.274,2023-05-05,F8.CLAPUR.2,CLAPUR,F8
G1CLAPUR2_20230505,1.868,2023-05-05,G1.CLAPUR.2,CLAPUR,G1
G2CLAPUR2_20230505,2.385,2023-05-05,G2.CLAPUR.2,CLAPUR,G2
G5CLAPUR2_20230505,2.046,2023-05-05,G5.CLAPUR.2,CLAPUR,G5
G6CLAPUR2_20230505,1.089,2023-05-05,G6.CLAPUR.2,CLAPUR,G6
G8CLAPUR2_20230505,1.679,2023-05-05,G8.CLAPUR.2,CLAPUR,G8
H2CLAPUR2_20230505,0.929,2023-05-05,H2.CLAPUR.2,CLAPUR,H2
H4CLAPUR2_20230505,1.106,2023-05-05,H4.CLAPUR.2,CLAPUR,H4
H5CLAPUR2_20230507,1.743,2023-05-07,H5.CLAPUR.2,CLAPUR,H5
H6CLAPUR2_20230507,0.865,2023-05-07,H6.CLAPUR.2,CLAPUR,H6
H7CLAPUR2_20230507,1.769,2023-05-07,H7.CLAPUR.2,CLAPUR,H7
I1CLAPUR2_20230507,2.227,2023-05-07,I1.CLAPUR.2,CLAPUR,I1
I4CLAPUR2_20230507,1.986,2023-05-07,I4.CLAPUR.2,CLAPUR,I4
I5CLAPUR2_20230507,1.087,2023-05-07,I5.CLAPUR.2,CLAPUR,I5
I6CLAPUR2_20230507,0.824,2023-05-07,I6.CLAPUR.2,CLAPUR,I6
I7CLAPUR2_20230507,2.499,2023-05-07,I7.CLAPUR.2,CLAPUR,I7
I8CLAPUR2_20230507,1.101,2023-05-07,I8.CLAPUR.2,CLAPUR,I8
J1CLAPUR2_20230507,1.682,2023-05-07,J1.CLAPUR.2,CLAPUR,J1
J2CLAPUR2_20230507,0.801,2023-05-07,J2.CLAPUR.2,CLAPUR,J2
J3CLAPUR2_20230507,2.181,2023-05-07,J3.CLAPUR.2,CLAPUR,J3
J6CLAPUR2_20230507,2.929,2023-05-07,J6.CLAPUR.2,CLAPUR,J6
A1DAUPUS2_20230521,4.497,2023-05-21,A1.DAUPUS.2,DAUPUS,A1
A3DAUPUS2_20230521,6.116,2023-05-21,A3.DAUPUS.2,DAUPUS,A3
B1DAUPUS2_20230521,11.799,2023-05-21,B1.DAUPUS.2,DAUPUS,B1
B4DAUPUS2_20230521,5.571,2023-05-21,B4.DAUPUS.2,DAUPUS,B4
B7DAUPUS2_20230522,4.471,2023-05-22,B7.DAUPUS.2,DAUPUS,B7
C4DAUPUS2_20230522,8.856,2023-05-22,C4.DAUPUS.2,DAUPUS,C4
C5DAUPUS2_20230522,5.764,2023-05-22,C5.DAUPUS.2,DAUPUS,C5
C8DAUPUS2_20230522,9.766,2023-05-22,C8.DAUPUS.2,DAUPUS,C8
D2DAUPUS2_20230522,4.654,2023-05-22,D2.DAUPUS.2,DAUPUS,D2
D6DAUPUS2_20230522,4.029,2023-05-22,D6.DAUPUS.2,DAUPUS,D6
E1DAUPUS2_20230522,3.46,2023-05-22,E1.DAUPUS.2,DAUPUS,E1
E3DAUPUS1_20230522,4.715,2023-05-22,E3.DAUPUS.1,DAUPUS,E3
E8DAUPUS2_20230522,4.27,2023-05-22,E8.DAUPUS.2,DAUPUS,E8
F1DAUPUS1_20230521,0.843,2023-05-21,F1.DAUPUS.1,DAUPUS,F1
F3DAUPUS2_20230521,2.722,2023-05-21,F3.DAUPUS.2,DAUPUS,F3
F8DAUPUS2_20230521,5.704,2023-05-21,F8.DAUPUS.2,DAUPUS,F8
G1DAUPUS2_20230522,3.682,2023-05-22,G1.DAUPUS.2,DAUPUS,G1
G7DAUPUS2_20230522,5.497,2023-05-22,G7.DAUPUS.2,DAUPUS,G7
G8DAUPUS2_20230522,4.61,2023-05-22,G8.DAUPUS.2,DAUPUS,G8
H2DAUPUS2_20230522,6.726,2023-05-22,H2.DAUPUS.2,DAUPUS,H2
H5DAUPUS2_20230522,2.436,2023-05-22,H5.DAUPUS.2,DAUPUS,H5
H6DAUPUS2_20230522,4.51,2023-05-22,H6.DAUPUS.2,DAUPUS,H6
I1DAUPUS1_20230522,3.404,2023-05-22,I1.DAUPUS.1,DAUPUS,I1
I4DAUPUS2_20230522,4.944,2023-05-22,I4.DAUPUS.2,DAUPUS,I4
I6DAUPUS2_20230522,7.069,2023-05-22,I6.DAUPUS.2,DAUPUS,I6
I8DAUPUS2_20230522,10.451,2023-05-22,I8.DAUPUS.2,DAUPUS,I8
J1DAUPUS2_20230522,6.187,2023-05-22,J1.DAUPUS.2,DAUPUS,J1
J2DAUPUS2_20230522,7.17,2023-05-22,J2.DAUPUS.2,DAUPUS,J2
A5ELYCAP2_20230520_NOLICOR,1.841,2023-05-20,A5.ELYCAP.2,ELYCAP,A5
A8ELYCAP2_20230520_NO LICOR,1.575,2023-05-20,A8.ELYCAP.2,ELYCAP,A8
B2ELYCAP2_20230520,1.593,2023-05-20,B2.ELYCAP.2,ELYCAP,B2
B5ELYCAP2_20230520,1.61,2023-05-20,B5.ELYCAP.2,ELYCAP,B5
C1ELYCAP2_20230520,1.645,2023-05-20,C1.ELYCAP.2,ELYCAP,C1
D4ELYCAP2_20230520,1.653,2023-05-20,D4.ELYCAP.2,ELYCAP,D4
E7ELYCAP2_20230520,1.598,2023-05-20,E7.ELYCAP.2,ELYCAP,E7
F4ELYCAP2_20230520_NO LICOR,1.64,2023-05-20,F4.ELYCAP.2,ELYCAP,F4
F5ELYCAP2_20230520,1.751,2023-05-20,F5.ELYCAP.2,ELYCAP,F5
G2ELYCAP2_20230520,2.417,2023-05-20,G2.ELYCAP.2,ELYCAP,G2
G5ELYCAP2_20230520,2.172,2023-05-20,G5.ELYCAP.2,ELYCAP,G5
H4ELYCAP2_20230520,3.351,2023-05-20,H4.ELYCAP.2,ELYCAP,H4
H7ELYCAP2_20230520,3.142,2023-05-20,H7.ELYCAP.2,ELYCAP,H7
I7ELYCAP2_20230520,3.047,2023-05-20,I7.ELYCAP.2,ELYCAP,I7
J3ELYCAP2_20230520,3.696,2023-05-20,J3.ELYCAP.2,ELYCAP,J3
J6ELYCAP2_20230520,2.338,2023-05-20,J6.ELYCAP.2,ELYCAP,J6
A3EROBOT1_20230405,35.285000000000004,2023-04-05,A3.EROBOT.1,EROBOT,A3
A5EROBOT1_20230405,32.05,2023-04-05,A5.EROBOT.1,EROBOT,A5
A8EROBOT1_20230405_nophoto,0.629,2023-04-05,A8.EROBOT.1,EROBOT,A8
B1EROBOT1_20230405,17.758,2023-04-05,B1.EROBOT.1,EROBOT,B1
B2EROBOT1_20250405,19.791,2025-04-05,B2.EROBOT.1,EROBOT,B2
B5EROBOT1_20230405,21.488,2023-04-05,B5.EROBOT.1,EROBOT,B5
C5EROBOT1_20230405,25.537,2023-04-05,C5.EROBOT.1,EROBOT,C5
D6EROBOT2_20230405,23.467,2023-04-05,D6.EROBOT.2,EROBOT,D6
E7EROBOT1_20230405,2.316,2023-04-05,E7.EROBOT.1,EROBOT,E7
E8EROBOT1_20230405,10.106,2023-04-05,E8.EROBOT.1,EROBOT,E8
F3EROBOT1_20230405,18.781,2023-04-05,F3.EROBOT.1,EROBOT,F3
F5EROBOT1_20230405,1.399,2023-04-05,F5.EROBOT.1,EROBOT,F5
F8EROBOT2_20230405,15.205,2023-04-05,F8.EROBOT.2,EROBOT,F8
G1EROBOT1_20230405,10.161,2023-04-05,G1.EROBOT.1,EROBOT,G1
G5EROBOT2_20230405,17.866,2023-04-05,G5.EROBOT.2,EROBOT,G5
G8EROBOT1_20230405,9.655,2023-04-05,G8.EROBOT.1,EROBOT,G8
H7EROBOT1_20230405,14.523,2023-04-05,H7.EROBOT.1,EROBOT,H7
I4EROBOT1_20230405,28.604,2023-04-05,I4.EROBOT.1,EROBOT,I4
J1EROBOT2_20230405,10.359,2023-04-05,J1.EROBOT.2,EROBOT,J1
A2EROCIC1_20230401,53.138,2023-04-01,A2.EROCIC.1,EROCIC,A2
A4EROCIC2_20230401,37.455,2023-04-01,A4.EROCIC.2,EROCIC,A4
A6EROCIC2_20230401,3.874,2023-04-01,A6.EROCIC.2,EROCIC,A6
B3EROCIC2_20230401,43.687,2023-04-01,B3.EROCIC.2,EROCIC,B3
B6EROCIC1_20230401,27.668,2023-04-01,B6.EROCIC.1,EROCIC,B6
B8EROCIC1_20230401,14.419,2023-04-01,B8.EROCIC.1,EROCIC,B8
C7EROCIC1_20230401,1.555,2023-04-01,C7.EROCIC.1,EROCIC,C7
D3EROCIC1_20230401,4.251,2023-04-01,D3.EROCIC.1,EROCIC,D3
E2EROCIC2_20230401,1.608,2023-04-01,E2.EROCIC.2,EROCIC,E2
E5EROCIC2_20230401,6.915,2023-04-01,E5.EROCIC.2,EROCIC,E5
E6EROCIC1_20230401,1.921,2023-04-01,E6.EROCIC.1,EROCIC,E6
F2EROCIC1_20230401,7.778,2023-04-01,F2.EROCIC.1,EROCIC,F2
F6EROCIC2_20230401,0.652,2023-04-01,F6.EROCIC.2,EROCIC,F6
G3EROCIC1_20230401,12.316,2023-04-01,G3.EROCIC.1,EROCIC,G3
G4EROCIC1_20230401,4.185,2023-04-01,G4.EROCIC.1,EROCIC,G4
H1EROCIC1_20230401,6.915,2023-04-01,H1.EROCIC.1,EROCIC,H1
H3EROCIC2_20230401,13.121,2023-04-01,H3.EROCIC.2,EROCIC,H3
H8EROCIC1_20230401,0.427,2023-04-01,H8.EROCIC.1,EROCIC,H8
I2EROCIC2_20230401,14.017,2023-04-01,I2.EROCIC.2,EROCIC,I2
I3EROCIC2_20230401,1.986,2023-04-01,I3.EROCIC.2,EROCIC,I3
J4EROCIC2_20230401,23.995,2023-04-01,J4.EROCIC.2,EROCIC,J4
J5EROCIC2_20230401,12.448,2023-04-01,J5.EROCIC.2,EROCIC,J5
J7EROCIC1_20230401,6.536,2023-04-01,J7.EROCIC.1,EROCIC,J7
J8EROCIC2_20230401,9.684,2023-04-01,J8.EROCIC.2,EROCIC,J8
A3GERDIS2_20230410,12.752,2023-04-10,A3.GERDIS.2,GERDIS,A3
B1GERDIS2_20230410,11.777,2023-04-10,B1.GERDIS.2,GERDIS,B1
B7GERDIS2_20230410,16.58,2023-04-10,B7.GERDIS.2,GERDIS,B7
C4GERDIS2_20230410,17.303,2023-04-10,C4.GERDIS.2,GERDIS,C4
C5GERDIS2_20230410,6.572,2023-04-10,C5.GERDIS.2,GERDIS,C5
D2GERDIS2_20230410,9.881,2023-04-10,D2.GERDIS.2,GERDIS,D2
D6GERDIS2_20230410,7.096,2023-04-10,D6.GERDIS.2,GERDIS,D6
E8GERDIS2_20230410,20.105,2023-04-10,E8.GERDIS.2,GERDIS,E8
F3GERDIS2_20230410,16.451,2023-04-10,F3.GERDIS.2,GERDIS,F3
F8GERDIS2_20230410,12.94,2023-04-10,F8.GERDIS.2,GERDIS,F8
G1GERDIS2_20230410,12.451,2023-04-10,G1.GERDIS.2,GERDIS,G1
G8GERDIS2_20230410,6.054,2023-04-10,G8.GERDIS.2,GERDIS,G8
H5GERDIS2_20230410,9.823,2023-04-10,H5.GERDIS.2,GERDIS,H5
I1GERDIS2_20230410,12.025,2023-04-10,I1.GERDIS.2,GERDIS,I1
I4GERDIS2_20230410,11.748,2023-04-10,I4.GERDIS.2,GERDIS,I4
J1GERDIS2_20230410,5.166,2023-04-10,J1.GERDIS.2,GERDIS,J1
A1HYPGLA2_20230426,48.225,2023-04-26,A1.HYPGLA.2,HYPGLA,A1
B4HYPGLA2_20230426,23.731,2023-04-26,B4.HYPGLA.2,HYPGLA,B4
C3HYPGLA2_20230426,34.832,2023-04-26,C3.HYPGLA.2,HYPGLA,C3
C8HYPGLA2_20230426,18.773,2023-04-26,C8.HYPGLA.2,HYPGLA,C8
D1HYPGLA2_20230426,14.956,2023-04-26,D1.HYPGLA.2,HYPGLA,D1
E1HYPGLA2_20230426,2.291,2023-04-26,E1.HYPGLA.2,HYPGLA,E1
E3HYPGLA2_20230426,3.203,2023-04-26,E3.HYPGLA.2,HYPGLA,E3
F1HYPGLA2_20230426,6.357,2023-04-26,F1.HYPGLA.2,HYPGLA,F1
G6HYPGLA2_20230426,14.544,2023-04-26,G6.HYPGLA.2,HYPGLA,G6
G7HYPGLA2_20230426,8.753,2023-04-26,G7.HYPGLA.2,HYPGLA,G7
H2HYPGLA2_20230426,9.2,2023-04-26,H2.HYPGLA.2,HYPGLA,H2
H6HYPGLA2_20230426,14.617,2023-04-26,H6.HYPGLA.2,HYPGLA,H6
I5HYPGLA2_20230426,7.402,2023-04-26,I5.HYPGLA.2,HYPGLA,I5
I6HYPGLA2_20230426,9.612,2023-04-26,I6.HYPGLA.2,HYPGLA,I6
I8HYPGLA2_20230426,13.687,2023-04-26,I8.HYPGLA.2,HYPGLA,I8
J2HYPGLA2_20230426,5.479,2023-04-26,J2.HYPGLA.2,HYPGLA,J2
A3LUPBIC1_20230427,2.623,2023-04-27,A3.LUPBIC.1,LUPBIC,A3
A5LUPBIC2_20230427,1.767,2023-04-27,A5.LUPBIC.2,LUPBIC,A5
A8LUPBIC2_20230428,1.326,2023-04-28,A8.LUPBIC.2,LUPBIC,A8
B1LUPBIC2_20230428,2.12,2023-04-28,B1.LUPBIC.2,LUPBIC,B1
B2LUPBIC2_20230428,4.172,2023-04-28,B2.LUPBIC.2,LUPBIC,B2
B5LUPBIC1_20230423,3.826,2023-04-23,B5.LUPBIC.1,LUPBIC,B5
C1LUPBIC2_20230428,2.709,2023-04-28,C1.LUPBIC.2,LUPBIC,C1
C4LUPBIC2_20230428,0.677,2023-04-28,C4.LUPBIC.2,LUPBIC,C4
D2LUPBIC2_20230428,1.684,2023-04-28,D2.LUPBIC.2,LUPBIC,D2
D6LUPBIC1_20230428,0.845,2023-04-28,D6.LUPBIC.1,LUPBIC,D6
E7LUPBIC2_20230428,3.627,2023-04-28,E7.LUPBIC.2,LUPBIC,E7
E8LUPBIC1_20230428,2.569,2023-04-28,E8.LUPBIC.1,LUPBIC,E8
F3LUPBIC2_20230427_wilt,0.747,2023-04-27,F3.LUPBIC.2,LUPBIC,F3
F4LUPBIC2_20230427_NOLICOR,0.392,2023-04-27,F4.LUPBIC.2,LUPBIC,F4
F5LUPBIC2_20230428,3.035,2023-04-28,F5.LUPBIC.2,LUPBIC,F5
F8LUPBIC2_20230428,0.432,2023-04-28,F8.LUPBIC.2,LUPBIC,F8
G1LUPBIC1_20230428,1.131,2023-04-28,G1.LUPBIC.1,LUPBIC,G1
G2LUPBIC2_20230428,1.514,2023-04-28,G2.LUPBIC.2,LUPBIC,G2
G8LUPBIC1_20230428,1.932,2023-04-28,G8.LUPBIC.1,LUPBIC,G8
H4LUPBIC2_20230428,2.106,2023-04-28,H4.LUPBIC.2,LUPBIC,H4
I1LUPBIC1_20230428,2.721,2023-04-28,I1.LUPBIC.1,LUPBIC,I1
I7LUPBIC2_20230428,1.012,2023-04-28,I7.LUPBIC.2,LUPBIC,I7
J1LUPBIC2_20230428,0.977,2023-04-28,J1.LUPBIC.2,LUPBIC,J1
J3LUPBIC2_20230428,0.67,2023-04-28,J3.LUPBIC.2,LUPBIC,J3
J6LUPBIC2_20200428,1.505,2020-04-28,J6.LUPBIC.2,LUPBIC,J6
A4LUPMIC1_20230424,1.289,2023-04-24,A4.LUPMIC.1,LUPMIC,A4
C7LUPMIC2_20230424,22.996,2023-04-24,C7.LUPMIC.2,LUPMIC,C7
D5LUPMIC1_20230424,11.162,2023-04-24,D5.LUPMIC.1,LUPMIC,D5
E2LUPMIC1_20230424,18.072,2023-04-24,E2.LUPMIC.1,LUPMIC,E2
E4LUPMIC1_20230424,11.712,2023-04-24,E4.LUPMIC.1,LUPMIC,E4
F2LUPMIC1_20230424,1.209,2023-04-24,F2.LUPMIC.1,LUPMIC,F2
F7LUPMIC2_20230424,32.6,2023-04-24,F7.LUPMIC.2,LUPMIC,F7
J7LUPMIC1_20230424,2.204,2023-04-24,J7.LUPMIC.1,LUPMIC,J7
F2LUPSUC2_20230428,5.167,2023-04-28,F2.LUPSUC.2,LUPSUC,F2
A1MADGRA2_20230515,6.06,2023-05-15,A1.MADGRA.2,MADGRA,A1
A3MADGRA2_20230515,10.976,2023-05-15,A3.MADGRA.2,MADGRA,A3
B1MADGRA2_20230515,9.159,2023-05-15,B1.MADGRA.2,MADGRA,B1
B4MADGRA2_20230515,13.451,2023-05-15,B4.MADGRA.2,MADGRA,B4
B7MADGRA2_20230515,9.174,2023-05-15,B7.MADGRA.2,MADGRA,B7
C3MADGRA2_20230515,7.067,2023-05-15,C3.MADGRA.2,MADGRA,C3
C4MADGRA2_20230515,9.907,2023-05-15,C4.MADGRA.2,MADGRA,C4
C5MADGRA2_20230515,11.48,2023-05-15,C5.MADGRA.2,MADGRA,C5
C8MADGRA2_20230515,7.526,2023-05-15,C8.MADGRA.2,MADGRA,C8
D1MADGRA2_20230515,4.17,2023-05-15,D1.MADGRA.2,MADGRA,D1
D2MADGRA2_20230515,8.65,2023-05-15,D2.MADGRA.2,MADGRA,D2
D6MADGRA2_20230515,5.891,2023-05-15,D6.MADGRA.2,MADGRA,D6
E1MADGRA2_20230515,3.78,2023-05-15,E1.MADGRA.2,MADGRA,E1
E3MADGRA2_20230515,2.659,2023-05-15,E3.MADGRA.2,MADGRA,E3
E8MADGRA2_20230515,9.523,2023-05-15,E8.MADGRA.2,MADGRA,E8
F1MADGRA2_20230515,2.573,2023-05-15,F1.MADGRA.2,MADGRA,F1
F3MADGRA2_20230515,5.198,2023-05-15,F3.MADGRA.2,MADGRA,F3
F8MADGRA2_20230515,11.123,2023-05-15,F8.MADGRA.2,MADGRA,F8
G1MADGRA2_20230515,7.308,2023-05-15,G1.MADGRA.2,MADGRA,G1
G6MADGRA2_20230515,5.398,2023-05-15,G6.MADGRA.2,MADGRA,G6
G7MADGRA2_20230515,3.513,2023-05-15,G7.MADGRA.2,MADGRA,G7
G8MADGRA2_20230515,9.344,2023-05-15,G8.MADGRA.2,MADGRA,G8
H2MADGRA2_20230515,2.55,2023-05-15,H2.MADGRA.2,MADGRA,H2
H5MADGRA2_20230515,8.45,2023-05-15,H5.MADGRA.2,MADGRA,H5
H6MADGRA2_20230515,5.567,2023-05-15,H6.MADGRA.2,MADGRA,H6
I1MADGRA2_20230515,7.37,2023-05-15,I1.MADGRA.2,MADGRA,I1
I4MADGRA2_20230515,11.384,2023-05-15,I4.MADGRA.2,MADGRA,I4
I5MADGRA2_20230515,4.522,2023-05-15,I5.MADGRA.2,MADGRA,I5
I6MADGRA2_20230515,5.631,2023-05-15,I6.MADGRA.2,MADGRA,I6
I8MADGRA2_20230515,7.061,2023-05-15,I8.MADGRA.2,MADGRA,I8
J1MADGRA2_20230515,6.696,2023-05-15,J1.MADGRA.2,MADGRA,J1
J2MADGRA2_20230515,2.703,2023-05-15,J2.MADGRA.2,MADGRA,J2
A4PHATAN2_20230401,17.415,2023-04-01,A4.PHATAN.2,PHATAN,A4
C6PHATAN1_20230405_dying,4.676,2023-04-05,C6.PHATAN.1,PHATAN,C6
C7PHATAN1_20230405_nophoto,0.964,2023-04-05,C7.PHATAN.1,PHATAN,C7
D5PHATAN1_20230405,1.588,2023-04-05,D5.PHATAN.1,PHATAN,D5
E2PHATAN2_20230405,6.38,2023-04-05,E2.PHATAN.2,PHATAN,E2
E4PHATAN2,7.982,NA,E4.PHATAN.2,PHATAN,E4
G4PHATAN2_20230401,15.784,2023-04-01,G4.PHATAN.2,PHATAN,G4
I3PHATAN2_20230405,17.987,2023-04-05,I3.PHATAN.2,PHATAN,I3
J4PHATAN2_20230405,13.168,2023-04-05,J4.PHATAN.2,PHATAN,J4
J7PHATAN2_20230405,9.663,2023-04-05,J7.PHATAN.2,PHATAN,J7
A5PLAERE2_20230412,3.933,2023-04-12,A5.PLAERE.2,PLAERE,A5
A8PLAERE2_20230412,2.891,2023-04-12,A8.PLAERE.2,PLAERE,A8
B2PLAERE2_20230412,3.906,2023-04-12,B2.PLAERE.2,PLAERE,B2
B5PLAERE2_20230412,3.364,2023-04-12,B5.PLAERE.2,PLAERE,B5
C1PLAERE2_20230412,4.375,2023-04-12,C1.PLAERE.2,PLAERE,C1
D4PLAERE2_20230410,4.176,2023-04-10,D4.PLAERE.2,PLAERE,D4
E7PLAERE2_20230410,2.723,2023-04-10,E7.PLAERE.2,PLAERE,E7
F4PLAERE2_20230412,2.559,2023-04-12,F4.PLAERE.2,PLAERE,F4
F5PLAERE2_20230404,3.443,2023-04-04,F5.PLAERE.2,PLAERE,F5
G2PLAERE2_20230412,2.934,2023-04-12,G2.PLAERE.2,PLAERE,G2
G5PLAERE2_20230412,4.2,2023-04-12,G5.PLAERE.2,PLAERE,G5
H4PLAERE2_20230412,3.995,2023-04-12,H4.PLAERE.2,PLAERE,H4
H7PLAERE2_20230412,1.919,2023-04-12,H7.PLAERE.2,PLAERE,H7
I7PLAERE2_20230410,2.45,2023-04-10,I7.PLAERE.2,PLAERE,I7
J3PLAERE2_20230410,3.975,2023-04-10,J3.PLAERE.2,PLAERE,J3
J6PLAERE2_20230410,3.195,2023-04-10,J6.PLAERE.2,PLAERE,J6
A3TORARV2_20230520,8.931,2023-05-20,A3.TORARV.2,TORARV,A3
B1TORARV2_20230520,2.758,2023-05-20,B1.TORARV.2,TORARV,B1
B7TORARV2_20230520,4.704,2023-05-20,B7.TORARV.2,TORARV,B7
C4TORARV2_20230520,47.978,2023-05-20,C4.TORARV.2,TORARV,C4
C5TORARV2_20230520,8.505,2023-05-20,C5.TORARV.2,TORARV,C5
D2TORARV2_20230520,19.257,2023-05-20,D2.TORARV.2,TORARV,D2
D6TORARV2_20230520,6.124,2023-05-20,D6.TORARV.2,TORARV,D6
E8TORARV2_20230520,9.165,2023-05-20,E8.TORARV.2,TORARV,E8
F3TORARV2_20230520,4.559,2023-05-20,F3.TORARV.2,TORARV,F3
F8TORARV2_20230520,8.737,2023-05-20,F8.TORARV.2,TORARV,F8
G1TORARV2_20230520,14.511,2023-05-20,G1.TORARV.2,TORARV,G1
G8TORARV2_20230520,10.964,2023-05-20,G8.TORARV.2,TORARV,G8
H5TORARV2_20230520,9.548,2023-05-20,H5.TORARV.2,TORARV,H5
I1TORARV2_20230520,5.328,2023-05-20,I1.TORARV.2,TORARV,I1
I4TORARV2_20230520,5.735,2023-05-20,I4.TORARV.2,TORARV,I4
J1TORARV2_20230520,4.206,2023-05-20,J1.TORARV.2,TORARV,J1
A8TRIHIR1_20230509,5.795,2023-05-09,A8.TRIHIR.1,TRIHIR,A8
B2TRIHIR2_20230509,6.363,2023-05-09,B2.TRIHIR.2,TRIHIR,B2
B5TRIHIR1_20230509,5.919,2023-05-09,B5.TRIHIR.1,TRIHIR,B5
B7TRIHIR1_20230509,5.434,2023-05-09,B7.TRIHIR.1,TRIHIR,B7
C1TRIHIR2_20230509,5.942,2023-05-09,C1.TRIHIR.2,TRIHIR,C1
C5TRIHIR2_20230509,6.813,2023-05-09,C5.TRIHIR.2,TRIHIR,C5
D2TRIHIR2_20230509,7.19,2023-05-09,D2.TRIHIR.2,TRIHIR,D2
D6TRIHIR2_20230509,3.698,2023-05-09,D6.TRIHIR.2,TRIHIR,D6
E7TRIHIR1_20230509,2.918,2023-05-09,E7.TRIHIR.1,TRIHIR,E7
E8TRIHIR1_20230509,5.361,2023-05-09,E8.TRIHIR.1,TRIHIR,E8
F3TRIHIR2_20230509,0.856,2023-05-09,F3.TRIHIR.2,TRIHIR,F3
F4TRIHIR2_20230509,6.279,2023-05-09,F4.TRIHIR.2,TRIHIR,F4
F5TRIHIR2_20230509,3.701,2023-05-09,F5.TRIHIR.2,TRIHIR,F5
F8TRIHIR1_20230509,6.063,2023-05-09,F8.TRIHIR.1,TRIHIR,F8
G1TRIHIR1_20230509,6.59,2023-05-09,G1.TRIHIR.1,TRIHIR,G1
G2TRIHIR2_20230509,5.579,2023-05-09,G2.TRIHIR.2,TRIHIR,G2
G5TRIHIR1_20230509,6.619,2023-05-09,G5.TRIHIR.1,TRIHIR,G5
G8TRIHIR1_20230509,6.372,2023-05-09,G8.TRIHIR.1,TRIHIR,G8
H4TRIHIR1_20230509,5.035,2023-05-09,H4.TRIHIR.1,TRIHIR,H4
H7TRIHIR2_20230509,4.879,2023-05-09,H7.TRIHIR.2,TRIHIR,H7
J1TRIHIR2_20230509,8.271,2023-05-09,J1.TRIHIR.2,TRIHIR,J1
J6TRIHIR2_20230509,5.003,2023-05-09,J6.TRIHIR.2,TRIHIR,J6
A3VICSAT2_20230422,16.052,2023-04-22,A3.VICSAT.2,VICSAT,A3
B1VICSAT2_20230422,23.333,2023-04-22,B1.VICSAT.2,VICSAT,B1
B7VICSAT2_20230422,17.213,2023-04-22,B7.VICSAT.2,VICSAT,B7
C4VICSAT2_20230423,21.161,2023-04-23,C4.VICSAT.2,VICSAT,C4
C5VICSAT2_20230423,11.229,2023-04-23,C5.VICSAT.2,VICSAT,C5
D2VICSAT2_20230423,13.903,2023-04-23,D2.VICSAT.2,VICSAT,D2
D6VICSAT2_20230423,8.937,2023-04-23,D6.VICSAT.2,VICSAT,D6
E8VICSAT2_20230423,10.338,2023-04-23,E8.VICSAT.2,VICSAT,E8
F3VICSAT2_20230422,11.665,2023-04-22,F3.VICSAT.2,VICSAT,F3
F8VICSAT2_20230422,8.126,2023-04-22,F8.VICSAT.2,VICSAT,F8
G1VICSAT2_20230422,8.893,2023-04-22,G1.VICSAT.2,VICSAT,G1
H5VICSAT2_20230423,12.544,2023-04-23,H5.VICSAT.2,VICSAT,H5
I1VICSAT2_20230423,18.501,2023-04-23,I1.VICSAT.2,VICSAT,I1
I4VICSAT2_20230423,13.719,2023-04-23,I4.VICSAT.2,VICSAT,I4
J1VICSAT2_20230423,11.392,2023-04-23,J1.VICSAT.2,VICSAT,J1
A1GALPAR2_20230426,0.095,2023-04-26,A1.GALPAR.2,GALPAR,A1
B4GALPAR2_20230428,0.124,2023-04-28,B4.GALPAR.2,GALPAR,B4
C3GALPAR2_20230426,0.071,2023-04-26,C3.GALPAR.2,GALPAR,C3
C8GALPAR2_20230426,0.063,2023-04-26,C8.GALPAR.2,GALPAR,C8
D1GALPAR2_20230426,0.122,2023-04-26,D1.GALPAR.2,GALPAR,D1
E1GALPAR2_20230426,0.051,2023-04-26,E1.GALPAR.2,GALPAR,E1
E3GALPAR2_20230426,0.068,2023-04-26,E3.GALPAR.2,GALPAR,E3
F1GALPAR2_20230426,0.039,2023-04-26,F1.GALPAR.2,GALPAR,F1
G6GALPAR2_20230426,0.073,2023-04-26,G6.GALPAR.2,GALPAR,G6
G7GALPAR2_20230426,0.052,2023-04-26,G7.GALPAR.2,GALPAR,G7
H2GALPAR2_20230426,0.054,2023-04-26,H2.GALPAR.2,GALPAR,H2
H6GALPAR2_20230426,0.068,2023-04-26,H6.GALPAR.2,GALPAR,H6
I5GALPAR2_20230426,0.046,2023-04-26,I5.GALPAR.2,GALPAR,I5
I6GALPAR2_20230426,0.064,2023-04-26,I6.GALPAR.2,GALPAR,I6
I8GALPAR2,0.052,NA,I8.GALPAR.2,GALPAR,I8
J2GALPAR2_20230426,0.107,2023-04-26,J2.GALPAR.2,GALPAR,J2
A5HOLVIR1_20230903,0.03,2023-09-03,A5.HOLVIR.1,HOLVIR,A5
A8HOLVIR1_20230903,0.03,2023-09-03,A8.HOLVIR.1,HOLVIR,A8
B2HOLVIR2_20230903,0.054,2023-09-03,B2.HOLVIR.2,HOLVIR,B2
B5HOLVIR2_20230903,0.023,2023-09-03,B5.HOLVIR.2,HOLVIR,B5
C1HOLVIR2_20230903,0.015,2023-09-03,C1.HOLVIR.2,HOLVIR,C1
D4HOLVIR2_20230903,0.035,2023-09-03,D4.HOLVIR.2,HOLVIR,D4
G2HOLVIR2_20230903,0.019,2023-09-03,G2.HOLVIR.2,HOLVIR,G2
G5HOLVIR2_20230903,0.039,2023-09-03,G5.HOLVIR.2,HOLVIR,G5
H4HOLVIR1_20230903,0.015,2023-09-03,H4.HOLVIR.1,HOLVIR,H4
H7HOLVIR1_20230903,0.03,2023-09-03,H7.HOLVIR.1,HOLVIR,H7
I7HOLVIR1_20230903,0.021,2023-09-03,I7.HOLVIR.1,HOLVIR,I7
J3HOLVIR2_20230903,0.021,2023-09-03,J3.HOLVIR.2,HOLVIR,J3
A5MICCAL2_20230427,0.391,2023-04-27,A5.MICCAL.2,MICCAL,A5
A6MICCAL2_20230427,0.765,2023-04-27,A6.MICCAL.2,MICCAL,A6
A8MICCAL2_20230427,0.449,2023-04-27,A8.MICCAL.2,MICCAL,A8
B2MICCAL2_20230427,0.523,2023-04-27,B2.MICCAL.2,MICCAL,B2
B3MICCAL2_20230427,0.677,2023-04-27,B3.MICCAL.2,MICCAL,B3
B5MICCAL2_20230427,0.704,2023-04-27,B5.MICCAL.2,MICCAL,B5
B6MICCAL2_20230427,0.614,2023-04-27,B6.MICCAL.2,MICCAL,B6
C1MICCAL2_20230427,0.46,2023-04-27,C1.MICCAL.2,MICCAL,C1
C2MICCAL2_20230427,0.721,2023-04-27,C2.MICCAL.2,MICCAL,C2
D4MICCAL2_20230427,0.29,2023-04-27,D4.MICCAL.2,MICCAL,D4
D7MICCAL2_20230427,0.473,2023-04-27,D7.MICCAL.2,MICCAL,D7
D8MICCAL2_20230427,0.225,2023-04-27,D8.MICCAL.2,MICCAL,D8
E5MICCAL2_20230427,0.275,2023-04-27,E5.MICCAL.2,MICCAL,E5
E7MICCAL2_20230427,0.684,2023-04-27,E7.MICCAL.2,MICCAL,E7
F4MICCAL2_20230427,0.321,2023-04-27,F4.MICCAL.2,MICCAL,F4
F5MICCAL2_20230427,0.616,2023-04-27,F5.MICCAL.2,MICCAL,F5
F6MICCAL2_20230427,0.459,2023-04-27,F6.MICCAL.2,MICCAL,F6
G2MICCAL2_20230427,0.9,2023-04-27,G2.MICCAL.2,MICCAL,G2
G3MICCAL2_20230427,0.551,2023-04-27,G3.MICCAL.2,MICCAL,G3
G5MICCAL2_20230427,0.633,2023-04-27,G5.MICCAL.2,MICCAL,G5
H1MICCAL2_20230427,0.553,2023-04-27,H1.MICCAL.2,MICCAL,H1
H4MICCAL2_20230427,0.617,2023-04-27,H4.MICCAL.2,MICCAL,H4
H7MICCAL2_20230427,0.496,2023-04-27,H7.MICCAL.2,MICCAL,H7
H8MICCAL2_20230427,0.858,2023-04-27,H8.MICCAL.2,MICCAL,H8
I2MICCAL2_20230427,0.587,2023-04-27,I2.MICCAL.2,MICCAL,I2
I7MICCAL2_20230427,0.588,2023-04-27,I7.MICCAL.2,MICCAL,I7
J3MICCAL2_20230427,0.455,2023-04-27,J3.MICCAL.2,MICCAL,J3
J5MICCAL2_20230427,0.369,2023-04-27,J5.MICCAL.2,MICCAL,J5
J6MICCAL2_20230427,0.341,2023-04-27,J6.MICCAL.2,MICCAL,J6
J8MICCAL2_20230427,0.477,2023-04-27,J8.MICCAL.2,MICCAL,J8
