"site","year","def","pet","ppt","aridity_index"
"ANGELO",1958,372.1,1098.3,1734.5,1.57925885459346
"ANGELO",1959,480.3,1179.1,1244.8,1.05572046476126
"ANGELO",1960,333.3,1082.8,1803.5,1.66558921315109
"ANGELO",1961,311.6,1080.3,1368.5,1.26677774692215
"ANGELO",1962,351.8,1071.8,1506.1,1.40520619518567
"ANGELO",1963,329.2,1016.1,1689,1.66223796870387
"ANGELO",1964,453,1095.1,1863.4,1.70157976440508
"ANGELO",1965,417.5,1065.5,1285.6,1.20656968559362
"ANGELO",1966,518,1138.2,1449.5,1.27350202073449
"ANGELO",1967,397.6,1079.6,1469,1.36068914412745
"ANGELO",1968,315.8,1056.2,1790.6,1.69532285551979
"ANGELO",1969,385.3,1068.2,1762.5,1.64997191537165
"ANGELO",1970,464.8,1131.4,2019.9,1.78531023510695
"ANGELO",1971,366.7,1045.1,1280.8,1.22552865754473
"ANGELO",1972,324.4,1030.5,1495.5,1.45123726346434
"ANGELO",1973,447.5,1122.5,2287.4,2.0377728285078
"ANGELO",1974,400.9,1102.2,1644.7,1.49219742333515
"ANGELO",1975,388.4,1067.6,1733.3,1.6235481453728
"ANGELO",1976,368.8,1059.4,648.3,0.61195016046819
"ANGELO",1977,330.5,1025.5,1245.6,1.21462701121404
"ANGELO",1978,369.8,1069.2,1397.6,1.30714552936775
"ANGELO",1979,334.8,1053.3,1673.8,1.58910092091522
"ANGELO",1980,364.7,1041,1357.3,1.30384245917387
"ANGELO",1981,413.9,1111.6,2033.6,1.82943504857863
"ANGELO",1982,356,1050.2,2171,2.06722529042087
"ANGELO",1983,235.8,965.5,3042,3.15069911962714
"ANGELO",1984,375.3,1083.6,1487.9,1.37310815799188
"ANGELO",1985,389.8,1077.1,833.6,0.773929997214743
"ANGELO",1986,296,1049.5,1848.6,1.76141019533111
"ANGELO",1987,446.9,1101.2,1563.1,1.41945150744642
"ANGELO",1988,463.2,1098.7,1167.8,1.06289250932921
"ANGELO",1989,327.9,1041.5,1054.4,1.01238598175708
"ANGELO",1990,289.9,1030.6,934,0.906268193285465
"ANGELO",1991,348.9,1060.8,1083.7,1.0215874811463
"ANGELO",1992,359.7,1080,1552.1,1.43712962962963
"ANGELO",1993,284.8,1032.7,1574.6,1.5247409702721
"ANGELO",1994,415.5,1076.8,1148.6,1.06667904903418
"ANGELO",1995,356.8,1027.4,2399.7,2.33570177146194
"ANGELO",1996,328,1094.8,2256.6,2.06119839240044
"ANGELO",1997,311.4,1067.3,1360.2,1.27443080670852
"ANGELO",1998,302.1,973.2,2254.5,2.31658446362515
"ANGELO",1999,377.3,1063.2,1510.6,1.42080511662904
"ANGELO",2000,327.4,1045.9,1433.1,1.37020747681423
"ANGELO",2001,406.5,1096.1,1554.1,1.41784508712709
"ANGELO",2002,493.7,1100.5,1634.8,1.48550658791458
"ANGELO",2003,424.2,1040.5,1646.7,1.58260451705911
"ANGELO",2004,402.2,1076.1,1440.7,1.33881609515844
"ANGELO",2005,229.5,990.7,2058.2,2.07752094478651
"ANGELO",2006,429,1062.7,1823.5,1.71591229886139
"ANGELO",2007,344.9,1029.5,1064.8,1.03428848955804
"ANGELO",2008,476.2,1097.8,1130.7,1.02996902896702
"ANGELO",2009,349,1057.7,1078.4,1.01957076675806
"ANGELO",2010,270.9,982,2024.7,2.06181262729124
"ANGELO",2011,286.2,995.8,1225.5,1.23066880899779
"ANGELO",2012,350.6,1033.9,1887.6,1.82570848244511
"ANGELO",2013,390.4,1081.1,454,0.419942651003607
"ANGELO",2014,397.8,1090.3,1589.5,1.45785563606347
"ANGELO",2015,430.6,1095.7,1059.5,0.966961759605731
"ANGELO",2016,395.9,1067.8,1994.7,1.86804645064619
"ANGELO",2017,423.8,1074.1,1803,1.67861465412904
"ANGELO",2018,433.5,1098.4,1155.9,1.05234887108521
"ANGELO",2019,354.1,1089,1605.5,1.4742883379247
"ANGELO",2020,413.1,1110.7,791.7,0.712793733681462
"ANGELO",2021,427.8,1101.4,1347.5,1.22344289086617
"ANGELO",2022,382.6,1050.7,982.9,0.935471590368326
"ANGELO",2023,324.1,1026.4,1710.3,1.66630943102104
"ANGELO",2024,0,33.1,403.8,12.1993957703927
"BORR",1958,781.5,1242.9,922.6,0.742296242658299
"BORR",1959,1055,1427.6,648.3,0.454118800784533
"BORR",1960,851.9,1289.3,697.1,0.540680989684325
"BORR",1961,830.2,1285.8,609.7,0.474179499144502
"BORR",1962,801.1,1257.7,708.9,0.563647928758846
"BORR",1963,651.3,1137.9,794.5,0.698216011951841
"BORR",1964,931.6,1316.6,658.4,0.500075953212821
"BORR",1965,783.7,1211.4,765,0.63150074294205
"BORR",1966,966.6,1324.4,666.8,0.503473270915131
"BORR",1967,746.4,1245.3,851.1,0.683449771139484
"BORR",1968,834,1262.9,759.3,0.601235252197324
"BORR",1969,812.1,1254.1,900.6,0.718124551471174
"BORR",1970,930.3,1327,1056.1,0.795855312735494
"BORR",1971,866.1,1298.9,507.8,0.390946185233659
"BORR",1972,814,1254.1,701.4,0.55928554341759
"BORR",1973,872.1,1293.4,1341.3,1.03703417349621
"BORR",1974,792.2,1272.5,843.8,0.663104125736739
"BORR",1975,819.7,1278.8,688.5,0.538395370659994
"BORR",1976,1014.8,1328.9,313.7,0.236059899164723
"BORR",1977,910.9,1282.3,649,0.506121812368401
"BORR",1978,845.3,1280.5,977,0.762983209683717
"BORR",1979,803.2,1280,1056.8,0.825625
"BORR",1980,825.7,1227.4,667.9,0.544158383575037
"BORR",1981,852.4,1308.2,1047.4,0.800642103653876
"BORR",1982,658.2,1200.4,1214.7,1.01191269576808
"BORR",1983,640.3,1111.5,1982.6,1.78371569950517
"BORR",1984,880.8,1320.6,727.4,0.55081023777071
"BORR",1985,850.6,1314.4,543,0.413116250760803
"BORR",1986,848.7,1265.8,1024.6,0.809448570074261
"BORR",1987,844.5,1299.3,803.6,0.61848687754945
"BORR",1988,935,1332.9,625.1,0.46897741766074
"BORR",1989,677.8,1241.7,642.8,0.517677377788516
"BORR",1990,942.9,1317.5,355.8,0.270056925996205
"BORR",1991,833.8,1278.7,675.2,0.528036286853836
"BORR",1992,812.8,1280.5,867.4,0.677391643889106
"BORR",1993,734.8,1222.4,1018.6,0.833278795811518
"BORR",1994,872.1,1296.4,764.2,0.589478556001234
"BORR",1995,762.1,1183.5,1506.2,1.27266582171525
"BORR",1996,752.7,1289.8,1185.8,0.919367343774229
"BORR",1997,908.8,1327.6,853,0.642512805061766
"BORR",1998,522.8,1042.9,1336.6,1.28161856362067
"BORR",1999,828.1,1267.1,668.1,0.527266987609502
"BORR",2000,710.1,1228.8,887.6,0.722330729166667
"BORR",2001,851.7,1312.2,1067,0.81313824112178
"BORR",2002,952.3,1329.4,826.7,0.621859485482172
"BORR",2003,782.2,1228,904.7,0.736726384364821
"BORR",2004,876.5,1305.7,961.7,0.736539787087386
"BORR",2005,717.5,1218.1,1107.4,0.909120761842213
"BORR",2006,805.4,1240.9,951.2,0.766540414215489
"BORR",2007,923.6,1343,447,0.332836932241251
"BORR",2008,1033.3,1387.5,693.9,0.500108108108108
"BORR",2009,813.4,1321.2,680.9,0.515364819860733
"BORR",2010,662.5,1196.3,1192.6,0.996907130318482
"BORR",2011,695.2,1202.7,688.5,0.572461960588675
"BORR",2012,794.6,1290.2,1046.8,0.811347077972407
"BORR",2013,1060.1,1398.7,203.7,0.145635232716094
"BORR",2014,912.6,1351.9,885.1,0.654708188475479
"BORR",2015,913.5,1308.6,487,0.372153446431301
"BORR",2016,762.2,1256.9,993.3,0.790277667276633
"BORR",2017,883.7,1323,1035.7,0.782842025699169
"BORR",2018,852.5,1339.4,594.5,0.443855457667612
"BORR",2019,854.6,1281.6,1299.7,1.01412297128589
"BORR",2020,1094.3,1416.4,219.1,0.154687941259531
"BORR",2021,1060.2,1418.9,682.2,0.480794982028332
"BORR",2022,1025.9,1429.6,522,0.365137101287073
"BORR",2023,812.9,1260.3,1140,0.904546536538919
"BORR",2024,0,28.5,179.3,6.29122807017544
"MCL",1958,860.2,1313.7,988.5,0.752454898378625
"MCL",1959,1038.4,1397.6,574.9,0.411348025186033
"MCL",1960,913.8,1320.8,774.3,0.586235614778922
"MCL",1961,839.5,1297.7,714.2,0.550358326269554
"MCL",1962,856.8,1266.7,608.1,0.480066314044367
"MCL",1963,692.4,1197.9,945.1,0.788964020368979
"MCL",1964,850.8,1290.1,821.4,0.63669482985815
"MCL",1965,815.6,1250.3,926.9,0.741342077901304
"MCL",1966,978.8,1320.1,526.7,0.398984925384441
"MCL",1967,812.3,1272.3,890.2,0.699677748958579
"MCL",1968,863,1289.1,705.4,0.54720347529284
"MCL",1969,837.6,1280.6,986.8,0.770576292362955
"MCL",1970,981.5,1364.4,959.4,0.703166226912929
"MCL",1971,890.2,1300.4,487.5,0.374884650876653
"MCL",1972,902.8,1298.6,630.2,0.485291852764516
"MCL",1973,861.2,1291,1136.5,0.880325329202169
"MCL",1974,759.1,1266.7,825.5,0.651693376490092
"MCL",1975,810,1258.1,711.3,0.565376361179556
"MCL",1976,842,1272,457.5,0.359669811320755
"MCL",1977,891.2,1263.5,603.1,0.477324891175307
"MCL",1978,820.4,1264.2,1117.9,0.884274640088594
"MCL",1979,841.9,1297,964,0.74325366229761
"MCL",1980,795.4,1228,781.3,0.636237785016287
"MCL",1981,840,1296.8,919.8,0.709284392350401
"MCL",1982,555.3,1178,1471.4,1.2490662139219
"MCL",1983,693,1190.8,1798,1.50990930466913
"MCL",1984,905.3,1320,706.1,0.534924242424242
"MCL",1985,851.3,1279.4,662.3,0.517664530248554
"MCL",1986,844.6,1260.4,922.3,0.731751824817518
"MCL",1987,791.8,1279.1,811.2,0.634195919005551
"MCL",1988,896.6,1318,638.5,0.484446130500759
"MCL",1989,760.4,1260.1,492.2,0.390603920323784
"MCL",1990,911.7,1304.5,423.5,0.324645458029897
"MCL",1991,836.5,1280.8,751.4,0.586664584634603
"MCL",1992,893.1,1298.4,828.1,0.637784966112138
"MCL",1993,819.5,1253.4,920.5,0.734402425402904
"MCL",1994,851.9,1290.9,639.6,0.495468277945619
"MCL",1995,803.8,1217.2,1291.7,1.06120604666448
"MCL",1996,767.9,1312.2,1183.5,0.901920438957476
"MCL",1997,991.2,1323.5,935,0.706460143558746
"MCL",1998,593.7,1112.2,1308.1,1.17613738536234
"MCL",1999,804.8,1235.2,592.1,0.479355569948187
"MCL",2000,738.2,1254.3,890.5,0.709957745355975
"MCL",2001,838.9,1318.5,1038.1,0.787334091770952
"MCL",2002,906.6,1313.2,741.4,0.564575083764849
"MCL",2003,770.9,1261,810.5,0.64274385408406
"MCL",2004,892.8,1299,899.4,0.692378752886836
"MCL",2005,743.9,1234.8,1042.4,0.844185293164885
"MCL",2006,783,1267.2,903.1,0.712673611111111
"MCL",2007,917.9,1341.3,461.4,0.343994632073362
"MCL",2008,1031.4,1352.5,685,0.506469500924214
"MCL",2009,784.4,1313.4,811.5,0.617862037460027
"MCL",2010,700.8,1219.3,1261.5,1.03461002214385
"MCL",2011,721.6,1222.7,816.1,0.667457266704834
"MCL",2012,810.3,1326.9,988.3,0.744818750471023
"MCL",2013,1029.2,1373.2,258.5,0.188246431692397
"MCL",2014,968.2,1404.8,853.6,0.607630979498861
"MCL",2015,902,1329,531.1,0.399623777276147
"MCL",2016,745.2,1296.7,1089.9,0.840518238605691
"MCL",2017,884.8,1327.6,1183.5,0.891458270563423
"MCL",2018,869.7,1338.2,725.1,0.541847257510088
"MCL",2019,826.7,1293.9,1296.8,1.00224128603447
"MCL",2020,962.8,1374,385.2,0.280349344978166
"MCL",2021,961.2,1379.6,787.2,0.570600173963468
"MCL",2022,1050.1,1389.4,606.6,0.436591334388945
"MCL",2023,810.4,1254.2,1211.9,0.966273321639292
"MCL",2024,0,38.6,160.8,4.16580310880829
"SEDG",1958,1008.7,1446.8,687.2,0.474979264583909
"SEDG",1959,1120.9,1460,359.4,0.246164383561644
"SEDG",1960,1051.6,1409.2,407.8,0.289384047686631
"SEDG",1961,1149.1,1408.5,246.8,0.175221867234647
"SEDG",1962,1041.9,1372.1,393.1,0.286495153414474
"SEDG",1963,906.6,1317.8,439.9,0.333813932311428
"SEDG",1964,1122.1,1391.6,323.2,0.232250646737568
"SEDG",1965,918.2,1345.5,676.3,0.502638424377555
"SEDG",1966,1055.6,1372.7,410,0.298681430756902
"SEDG",1967,822.1,1325.7,507.9,0.383118352568454
"SEDG",1968,1126.8,1439.7,297,0.206292977703688
"SEDG",1969,1006.8,1380.6,754.8,0.546718817905259
"SEDG",1970,1199.4,1497.6,441.5,0.294805021367521
"SEDG",1971,1153.6,1441.6,266.9,0.185141509433962
"SEDG",1972,1145.6,1390.8,216.1,0.155378199597354
"SEDG",1973,992.7,1396.7,477,0.341519295482208
"SEDG",1974,1003.5,1359.2,431.8,0.317686874632137
"SEDG",1975,940.2,1332.2,364.4,0.273532502627233
"SEDG",1976,1046.7,1381.3,348.6,0.25237095489756
"SEDG",1977,1207.3,1435.9,252.8,0.176056828469949
"SEDG",1978,814.3,1372.4,896.7,0.653380938501894
"SEDG",1979,1039.6,1430.7,396.3,0.276997274061648
"SEDG",1980,1015.6,1402.8,534.3,0.380881094952951
"SEDG",1981,1022.6,1418.4,415.8,0.293147208121827
"SEDG",1982,799.7,1317,679.4,0.51586940015186
"SEDG",1983,748.9,1336,1051.8,0.787275449101797
"SEDG",1984,1207.4,1503.1,287.6,0.191337901669882
"SEDG",1985,1086.4,1409.7,292.7,0.207632829680074
"SEDG",1986,919.3,1367.2,525.1,0.38406963136337
"SEDG",1987,1010.1,1368.7,416.1,0.304011105428509
"SEDG",1988,1098.7,1443.8,356.9,0.247194902341044
"SEDG",1989,1267.9,1446.9,152.3,0.10525952035386
"SEDG",1990,1271.2,1464.1,199.1,0.135987978963186
"SEDG",1991,1013.7,1364.1,501.4,0.367568360090902
"SEDG",1992,947.7,1360.6,534.6,0.39291489048949
"SEDG",1993,979.6,1390.9,650.3,0.467539003522899
"SEDG",1994,1040.7,1390.3,367.1,0.264043731568726
"SEDG",1995,995.4,1368.7,680.9,0.49747935997662
"SEDG",1996,984.8,1443.7,619.6,0.429175036364896
"SEDG",1997,1135.3,1442.3,443.1,0.307217638494072
"SEDG",1998,762.3,1265.4,775.3,0.612691639007429
"SEDG",1999,1072.2,1357.6,294.1,0.216632292280495
"SEDG",2000,926.6,1371.2,473.6,0.345390898483081
"SEDG",2001,842.6,1339.3,634.9,0.474053610094826
"SEDG",2002,1084.5,1342.6,308,0.229405630865485
"SEDG",2003,971.8,1372.9,321.4,0.234102993663049
"SEDG",2004,1086.1,1388.4,481.7,0.346946125036013
"SEDG",2005,854.3,1307.1,540.7,0.413663835972764
"SEDG",2006,894.2,1351.8,501,0.370616955170883
"SEDG",2007,1240.6,1444.1,207.1,0.143411121113496
"SEDG",2008,1133.3,1472.8,422.3,0.286732753938077
"SEDG",2009,1106.3,1414.2,341.7,0.241620704285108
"SEDG",2010,857.6,1325,767.4,0.579169811320755
"SEDG",2011,888.2,1336.1,383.2,0.286804879874261
"SEDG",2012,1097.6,1422.9,369.2,0.25947009628224
"SEDG",2013,1373.3,1500.6,99.8,0.0665067306410769
"SEDG",2014,1310,1557.7,295.4,0.189638569686076
"SEDG",2015,1312.4,1484.6,146.5,0.098679779065068
"SEDG",2016,1092.2,1442.6,390.5,0.270691806460557
"SEDG",2017,1118.5,1423.9,482,0.338506917620619
"SEDG",2018,1067.6,1422.1,381.3,0.268124604458196
"SEDG",2019,893.8,1366.8,672.1,0.491732513901083
"SEDG",2020,1139.3,1477.5,302.7,0.204873096446701
"SEDG",2021,1168,1399,379.5,0.271265189421015
"SEDG",2022,1159.6,1463,294.1,0.201025290498975
"SEDG",2023,878.6,1309.8,680,0.519163231027638
"SEDG",2024,8.7,58.8,50.5,0.858843537414966
"WWP",1958,926.3,1365.8,570.7,0.417850344120662
"WWP",1959,1159,1455.9,330.5,0.227007349405866
"WWP",1960,1025.9,1375.2,488.3,0.355075625363584
"WWP",1961,997.2,1355.7,431.4,0.318211993803939
"WWP",1962,1038.2,1323.7,381.8,0.288433935181688
"WWP",1963,861.1,1255.7,489.2,0.38958349924345
"WWP",1964,1007.2,1325.9,405.1,0.305528320386153
"WWP",1965,801.5,1261.1,873.7,0.6928078661486
"WWP",1966,1096.3,1378,509.6,0.369811320754717
"WWP",1967,831.7,1280.3,590.8,0.461454346637507
"WWP",1968,1117.5,1446.5,315,0.217767023850674
"WWP",1969,983.5,1345.6,780.8,0.58026159334126
"WWP",1970,1163.1,1482.4,474.6,0.32015650296816
"WWP",1971,1088.1,1351.5,384.1,0.284202737698853
"WWP",1972,1106.1,1356.8,308.6,0.227446933962264
"WWP",1973,1025.6,1372.3,447.2,0.325876266122568
"WWP",1974,1045.1,1398.9,503.8,0.360140110086497
"WWP",1975,946,1345.3,420.6,0.312644019921207
"WWP",1976,957.5,1342,404.1,0.301117734724292
"WWP",1977,1050.1,1371.5,419.7,0.306015311702516
"WWP",1978,833.1,1306.7,874.5,0.669243131552766
"WWP",1979,1022,1389.6,424.6,0.305555555555556
"WWP",1980,985.6,1357.5,436.7,0.321694290976059
"WWP",1981,971.8,1405.1,456.2,0.324674400398548
"WWP",1982,770.4,1272.1,715.3,0.562298561433849
"WWP",1983,714.3,1254,903.1,0.720175438596491
"WWP",1984,1089,1382.5,379.9,0.274792043399638
"WWP",1985,1070.5,1399.9,363.3,0.25951853703836
"WWP",1986,955.5,1386.9,505.9,0.364770351142837
"WWP",1987,873.8,1328.8,652.3,0.490894039735099
"WWP",1988,984,1387.8,425.2,0.30638420521689
"WWP",1989,1177,1422.2,203,0.142736605259457
"WWP",1990,1188.4,1434.5,256,0.178459393516905
"WWP",1991,1072,1382.9,512.2,0.370381083230892
"WWP",1992,971.6,1342.7,597.9,0.4452967900499
"WWP",1993,986.5,1356,608.2,0.448525073746313
"WWP",1994,1017.4,1372.5,465,0.33879781420765
"WWP",1995,891.7,1271.3,800.6,0.629749075749233
"WWP",1996,1023.6,1387.6,554.5,0.399610838858461
"WWP",1997,1025.5,1328.7,548.2,0.412583728456386
"WWP",1998,643.7,1127.5,862.8,0.765232815964523
"WWP",1999,973.9,1318,326.7,0.247875569044006
"WWP",2000,934.3,1307.8,423.9,0.324132130295152
"WWP",2001,885.7,1306.9,676,0.517254571887673
"WWP",2002,1088.1,1391.3,307.6,0.221088190900597
"WWP",2003,894.1,1333.9,462.7,0.346877577029762
"WWP",2004,1015.6,1383,536.6,0.387997107736804
"WWP",2005,937.8,1305.8,560.7,0.429391943636085
"WWP",2006,932.6,1360.1,507.1,0.372840232335858
"WWP",2007,1167.5,1440.6,285.3,0.198042482299042
"WWP",2008,1126.3,1449.4,489.7,0.337863943700842
"WWP",2009,1141.1,1434.9,281,0.195832462192487
"WWP",2010,867.4,1327.3,823.6,0.620507797784977
"WWP",2011,948.5,1344.4,399.6,0.297232966379054
"WWP",2012,1145.5,1455.1,362.1,0.248848876365885
"WWP",2013,1265,1507.2,200.8,0.133227176220807
"WWP",2014,1367.9,1593.1,315.3,0.197916012805223
"WWP",2015,1087.9,1457.5,324.3,0.222504288164666
"WWP",2016,1082,1474.1,492.9,0.334373516043688
"WWP",2017,1159.4,1437.5,505,0.351304347826087
"WWP",2018,1130,1484.4,393.9,0.26535974130962
"WWP",2019,947.5,1424.1,738.8,0.518783793272944
"WWP",2020,1117.8,1506.4,381.9,0.253518321826872
"WWP",2021,1322.4,1535.6,390.1,0.254037509768169
"WWP",2022,1215.4,1511.2,365.6,0.241926945473796
"WWP",2023,928,1338.3,694.1,0.518643054621535
"WWP",2024,0,54,74.8,1.38518518518519
